Sensor #,Time,pm 1,pm 2.5,pm 10,in or out
9,5018,3,4,4,in
9,8749,2,2,2,in
9,10175,2,2,2,in
9,11082,2,3,3,in
9,11923,2,3,3,in
9,12763,2,3,3,in
9,13670,1,2,2,in
9,14512,1,2,2,in
9,15353,1,2,2,in
9,16261,1,2,2,in
9,17102,1,2,2,in
9,17943,1,2,2,in
9,18851,1,3,3,in
9,19692,1,3,3,in
9,20534,1,3,3,in
9,21441,1,3,3,in
9,22283,1,3,3,in
9,23123,1,3,3,in
9,24032,1,3,3,in
9,24872,1,3,3,in
9,25713,1,3,3,in
9,26621,1,3,3,in
9,27462,1,3,3,in
9,28304,1,3,3,in
9,29211,1,3,3,in
9,30052,1,3,3,in
9,30894,1,3,3,in
9,31802,1,3,3,in
9,32643,1,3,3,in
9,33484,1,3,3,in
9,34392,1,2,2,in
9,35232,2,3,3,in
9,36074,2,3,3,in
9,36981,2,3,3,in
9,37822,1,2,2,in
9,38663,1,2,2,in
9,39570,1,3,3,in
9,40412,1,3,3,in
9,41252,1,3,3,in
9,42161,1,3,3,in
9,43000,1,3,3,in
9,43842,1,3,3,in
9,44749,1,3,3,in
9,45590,1,3,3,in
9,46431,1,3,3,in
9,47339,1,2,2,in
9,48181,1,2,2,in
9,49021,1,2,2,in
9,49929,1,2,2,in
9,50770,1,2,2,in
9,51611,1,2,2,in
9,52519,1,2,2,in
9,53360,1,2,2,in
9,54201,1,2,2,in
9,55109,1,3,3,in
9,55951,1,3,3,in
9,56791,1,3,3,in
9,57700,1,2,2,in
9,58539,1,2,2,in
9,59379,1,2,2,in
9,60288,1,2,2,in
9,61128,1,2,2,in
9,61969,1,2,2,in
9,62877,1,3,3,in
9,63718,1,3,3,in
9,64559,1,3,3,in
9,65467,1,2,2,in
9,66308,1,2,2,in
9,67149,1,2,2,in
9,68058,1,2,2,in
9,68899,1,2,2,in
9,69740,1,2,2,in
9,70648,1,2,2,in
9,71489,1,2,2,in
9,72330,1,2,2,in
9,73237,1,2,2,in
9,74078,1,2,2,in
9,74919,1,2,2,in
9,75827,1,2,2,in
9,76667,2,3,3,in
9,77508,2,3,3,in
9,78416,2,2,2,in
9,79257,2,2,2,in
9,80098,1,1,1,in
9,81005,1,2,2,in
9,81846,1,2,2,in
9,82686,2,3,3,in
9,83594,2,3,3,in
9,84434,2,3,3,in
9,85275,2,3,3,in
9,86182,2,3,4,in
9,87024,2,3,4,in
9,87864,2,3,4,in
9,88772,2,3,4,in
9,89613,2,3,4,in
9,90454,2,3,4,in
9,91362,2,3,4,in
9,92203,2,3,4,in
9,93042,2,3,4,in
9,93950,2,3,4,in
9,94791,2,3,4,in
9,95632,2,3,4,in
9,96539,2,3,4,in
9,97380,2,3,4,in
9,98222,2,3,4,in
9,99129,2,4,5,in
9,99970,2,4,5,in
9,100810,2,4,5,in
9,101719,2,3,4,in
9,102558,2,3,4,in
9,103399,2,3,4,in
9,104307,2,3,4,in
9,105148,2,3,4,in
9,105988,2,3,4,in
9,106896,2,2,3,in
9,107737,2,2,3,in
9,108577,2,2,3,in
9,109486,2,3,4,in
9,110325,2,3,4,in
9,111166,2,3,4,in
9,112074,1,2,2,in
9,112915,1,2,2,in
9,113756,1,2,2,in
9,114663,1,2,2,in
9,115504,2,3,3,in
9,116344,2,3,3,in
9,117253,2,2,2,in
9,118093,2,2,2,in
9,118934,2,2,2,in
9,119841,2,2,2,in
9,120683,2,2,2,in
9,121524,1,1,1,in
9,122431,0,1,1,in
9,123272,0,1,1,in
9,124112,0,1,1,in
9,125020,0,1,1,in
9,125861,0,1,1,in
9,126702,0,1,1,in
9,127610,0,1,1,in
9,128451,0,1,1,in
9,129293,0,1,1,in
9,130200,0,2,2,in
9,131041,0,2,2,in
9,131881,0,2,2,in
9,132789,1,3,3,in
9,133630,1,3,3,in
9,134471,1,3,3,in
9,135378,1,3,3,in
9,136219,1,3,3,in
9,137060,1,3,3,in
9,137968,1,3,3,in
9,138809,1,3,3,in
9,139650,1,3,3,in
9,140558,2,4,4,in
9,141399,2,4,4,in
9,142239,2,4,4,in
9,143148,2,4,4,in
9,143987,2,4,4,in
9,144829,2,4,4,in
9,145737,2,4,4,in
9,146577,2,4,4,in
9,147418,2,4,4,in
9,148326,2,5,5,in
9,149167,2,5,5,in
9,150008,2,5,5,in
9,150916,2,5,5,in
9,151756,2,5,5,in
9,152598,2,5,5,in
9,153505,2,4,4,in
9,154346,2,4,4,in
9,155187,2,4,4,in
9,156094,2,4,4,in
9,156935,1,3,3,in
9,157775,1,3,3,in
9,158684,1,4,4,in
9,159524,1,4,4,in
9,160365,1,4,4,in
9,161272,1,4,6,in
9,162113,1,4,6,in
9,162954,2,5,7,in
9,163861,1,5,7,in
9,164702,1,5,7,in
9,165542,1,5,7,in
9,166451,1,4,6,in
9,167291,1,4,6,in
9,168132,1,4,6,in
9,169040,0,3,5,in
9,169881,0,3,5,in
9,170722,0,3,5,in
9,171630,1,4,6,in
9,172471,1,4,6,in
9,173312,1,4,6,in
9,174220,1,5,7,in
9,175060,0,4,6,in
9,175901,0,4,6,in
9,176808,1,4,6,in
9,177650,1,4,6,in
9,178490,1,4,6,in
9,179398,1,4,6,in
9,180239,1,4,6,in
9,181079,2,5,7,in
9,181987,2,4,6,in
9,182828,2,4,6,in
9,183668,1,3,5,in
9,184576,0,2,4,in
9,185416,0,2,4,in
9,186258,0,2,4,in
9,187165,1,2,3,in
9,188006,1,2,3,in
9,188847,1,2,3,in
9,189755,2,3,3,in
9,190596,2,3,3,in
9,191436,2,3,3,in
9,192344,1,2,2,in
9,193184,1,2,2,in
9,194025,1,2,2,in
9,194932,1,2,2,in
9,195774,2,3,3,in
9,196615,2,3,3,in
9,197522,2,3,3,in
9,198363,2,3,3,in
9,199203,2,3,3,in
9,200112,2,3,3,in
9,200952,2,3,3,in
9,201794,2,3,3,in
9,202701,2,2,2,in
9,203542,2,2,2,in
9,204382,1,1,1,in
9,205290,1,2,3,in
9,206132,1,2,3,in
9,206972,1,2,3,in
9,207880,1,2,3,in
9,208721,1,2,3,in
9,209562,1,2,3,in
9,210469,1,3,4,in
9,211311,1,3,4,in
9,212152,1,3,4,in
9,213060,1,2,4,in
9,213901,1,2,4,in
9,214742,1,2,4,in
9,215650,1,2,3,in
9,216491,1,2,3,in
9,217332,1,2,3,in
9,218240,1,2,3,in
9,219080,1,2,3,in
9,219921,1,2,3,in
9,220829,1,2,3,in
9,221669,1,2,3,in
9,222511,1,2,3,in
9,223419,1,2,3,in
9,224260,1,2,3,in
9,225100,2,3,4,in
9,226010,2,3,4,in
9,226849,2,3,4,in
9,227690,2,3,4,in
9,228599,1,2,3,in
9,229440,1,2,3,in
9,230281,1,2,3,in
9,231188,2,3,3,in
9,232029,2,3,3,in
9,232869,2,3,3,in
9,233778,2,4,4,in
9,234618,2,4,4,in
9,235460,2,4,4,in
9,236368,1,3,3,in
9,237209,1,3,3,in
9,238051,1,3,3,in
9,238958,2,3,3,in
9,239799,2,3,3,in
9,240640,1,2,2,in
9,241548,1,3,3,in
9,242387,1,3,3,in
9,243228,2,4,4,in
9,244136,2,4,4,in
9,244977,2,4,4,in
9,245818,2,4,4,in
9,246726,2,4,4,in
9,247567,2,4,4,in
9,248409,2,4,4,in
9,249316,2,3,3,in
9,250158,2,3,3,in
9,250998,2,3,3,in
9,251907,2,3,3,in
9,252747,2,3,3,in
9,253588,2,3,3,in
9,254495,2,3,3,in
9,255337,2,3,3,in
9,256178,2,3,3,in
9,257085,2,3,3,in
9,257926,2,3,3,in
9,258766,2,3,3,in
9,259674,2,3,3,in
9,260514,2,3,3,in
9,261356,2,3,3,in
9,262263,2,3,3,in
9,263104,2,3,3,in
9,263945,2,3,3,in
9,264852,2,2,2,in
9,265693,2,2,2,in
9,266534,2,2,2,in
9,267443,2,3,3,in
9,268283,2,3,3,in
9,269124,2,3,3,in
9,270031,2,3,3,in
9,270872,2,3,3,in
9,271714,2,3,3,in
9,272622,1,2,2,in
9,273463,1,2,2,in
9,274305,1,2,2,in
9,275213,0,2,2,in
9,276055,1,3,3,in
9,276894,1,3,3,in
9,277803,1,3,3,in
9,278642,1,3,3,in
9,279484,1,3,3,in
9,280391,1,3,3,in
9,281232,1,3,3,in
9,282073,0,2,2,in
9,282981,0,2,2,in
9,283822,0,2,2,in
9,284663,1,3,3,in
9,285571,2,3,3,in
9,286411,2,3,3,in
9,287253,2,3,3,in
9,288160,1,2,2,in
9,289001,1,2,2,in
9,289842,1,2,2,in
9,290750,1,2,2,in
9,291591,1,2,2,in
9,292431,1,2,2,in
9,293340,1,2,2,in
9,294180,1,2,2,in
9,295021,1,2,2,in
9,295928,1,2,2,in
9,296769,2,3,3,in
9,297610,2,3,3,in
9,298517,2,3,3,in
9,299359,1,2,2,in
9,300199,1,2,2,in
9,301107,1,2,2,in
9,301947,1,2,2,in
9,302789,1,2,2,in
9,303697,1,2,2,in
9,304538,1,2,2,in
9,305380,1,2,2,in
9,306287,1,2,2,in
9,307128,1,2,2,in
9,307969,1,2,2,in
9,308877,2,4,4,in
9,309718,2,4,4,in
9,310558,2,4,4,in
9,311467,1,2,2,in
9,312307,1,2,2,in
9,313149,1,2,2,in
9,314056,1,3,3,in
9,314897,1,3,3,in
9,315739,1,3,3,in
9,316646,1,2,2,in
9,317488,1,2,2,in
9,318328,1,2,2,in
9,319236,1,2,2,in
9,320076,1,2,2,in
9,320918,1,2,2,in
9,321825,1,2,3,in
9,322666,1,2,3,in
9,323509,2,3,4,in
9,324415,2,3,4,in
9,325257,2,3,4,in
9,326097,2,3,4,in
9,327006,2,3,4,in
9,327846,2,3,4,in
9,328687,2,3,4,in
9,329595,2,3,4,in
9,330436,2,3,4,in
9,331277,2,3,4,in
9,332184,2,3,4,in
9,333026,2,3,4,in
9,333867,2,3,4,in
9,334774,2,3,4,in
9,335614,2,3,4,in
9,336455,2,3,4,in
9,337363,2,3,4,in
9,338204,2,3,4,in
9,339045,2,3,4,in
9,339953,2,3,4,in
9,340795,2,3,4,in
9,341636,2,3,4,in
9,342543,2,3,5,in
9,343385,2,3,5,in
9,344225,2,3,5,in
9,345134,2,3,4,in
9,345974,2,3,4,in
9,346816,2,3,4,in
9,347724,2,4,4,in
9,348565,2,4,4,in
9,349406,2,4,4,in
9,350314,2,4,4,in
9,351155,2,4,4,in
9,351996,2,4,4,in
9,352904,2,4,4,in
9,353745,2,4,4,in
9,354586,2,4,4,in
9,355494,3,4,4,in
9,356335,3,4,4,in
9,357176,3,4,4,in
9,358084,3,5,5,in
9,358926,3,5,5,in
9,359767,3,5,5,in
9,360675,3,4,4,in
9,361517,3,4,4,in
9,362357,3,4,4,in
9,363265,2,4,4,in
9,364105,2,4,4,in
9,364947,2,4,4,in
9,365854,2,4,4,in
9,366695,2,4,4,in
9,367537,2,4,4,in
9,368445,2,4,4,in
9,369286,2,4,4,in
9,370127,2,4,4,in
9,371035,2,4,4,in
9,371877,2,4,4,in
9,372718,2,4,4,in
9,373625,2,4,4,in
9,374467,2,4,4,in
9,375308,2,4,4,in
9,376216,2,4,4,in
9,377057,2,4,4,in
9,377897,2,4,4,in
9,378806,2,4,4,in
9,379648,2,4,4,in
9,380488,2,4,4,in
9,381396,2,4,4,in
9,382238,2,4,4,in
9,383079,2,4,4,in
9,383987,2,4,4,in
9,384828,2,4,4,in
9,385670,2,4,4,in
9,386577,3,4,4,in
9,387418,3,4,4,in
9,388258,3,4,4,in
9,389167,2,4,4,in
9,390007,2,4,4,in
9,390848,2,4,4,in
9,391756,2,4,4,in
9,392597,2,4,4,in
9,393439,2,4,4,in
9,394346,2,4,4,in
9,395187,2,4,4,in
9,396028,2,4,4,in
9,396936,2,4,4,in
9,397776,2,4,4,in
9,398617,2,4,4,in
9,399525,2,4,4,in
9,400366,2,4,4,in
9,401207,2,4,4,in
9,402115,2,4,4,in
9,402957,2,4,4,in
9,403799,2,4,4,in
9,404706,2,4,4,in
9,405547,2,4,4,in
9,406388,2,4,4,in
9,407297,2,4,4,in
9,408137,2,4,4,in
9,408977,2,4,4,in
9,409885,2,3,5,in
9,410727,2,3,5,in
9,411568,2,3,5,in
9,412475,2,4,5,in
9,413317,2,4,5,in
9,414158,2,4,5,in
9,415067,2,4,5,in
9,415907,2,4,5,in
9,416749,2,4,5,in
9,417656,2,3,4,in
9,418498,2,3,4,in
9,419340,2,3,4,in
9,420248,2,3,6,in
9,421091,2,3,6,in
9,421931,2,3,6,in
9,422838,2,4,6,in
9,423680,2,4,6,in
9,424521,2,4,6,in
9,425428,2,4,7,in
9,426270,2,4,7,in
9,427111,2,4,7,in
9,428019,1,3,5,in
9,428859,1,3,5,in
9,429701,1,3,5,in
9,430608,1,3,5,in
9,431449,1,3,5,in
9,432290,1,3,5,in
9,433198,1,3,5,in
9,434039,1,3,5,in
9,434880,1,3,5,in
9,435788,2,3,5,in
9,436629,2,3,5,in
9,437471,2,3,5,in
9,438378,1,3,4,in
9,439219,1,3,4,in
9,440060,1,3,4,in
9,440968,1,4,5,in
9,441808,1,4,5,in
9,442650,1,4,5,in
9,443557,1,4,5,in
9,444399,1,4,5,in
9,445241,1,4,5,in
9,446148,2,4,4,in
9,446989,2,4,4,in
9,447830,2,4,4,in
9,448738,1,3,3,in
9,449580,1,3,3,in
9,450421,1,3,3,in
9,451330,1,2,2,in
9,452170,1,2,2,in
9,453012,1,2,2,in
9,453919,2,3,3,in
9,454760,2,3,3,in
9,455602,2,3,3,in
9,456509,2,3,3,in
9,457350,2,3,3,in
9,458191,2,3,3,in
9,459099,2,4,4,in
9,459940,2,4,4,in
9,460782,2,4,4,in
9,461689,2,3,3,in
9,462530,2,3,3,in
9,463372,2,3,3,in
9,464279,2,3,3,in
9,465120,2,3,3,in
9,465961,2,3,3,in
9,466870,2,3,3,in
9,467710,2,3,3,in
9,468552,2,3,3,in
9,469460,2,3,3,in
9,470301,2,3,3,in
9,471142,2,3,3,in
9,472050,2,3,3,in
9,472891,2,3,3,in
9,473732,2,3,3,in
9,474640,2,3,3,in
9,475481,2,3,3,in
9,476322,2,3,3,in
9,477230,2,3,3,in
9,478071,2,3,3,in
9,478912,2,3,3,in
9,479820,1,2,2,in
9,480661,1,2,2,in
9,481503,1,2,2,in
9,482410,2,2,2,in
9,483251,2,2,2,in
9,484092,2,2,2,in
9,485001,2,3,3,in
9,485841,2,3,3,in
9,486682,2,3,3,in
9,487590,2,3,3,in
9,488430,2,3,3,in
9,489272,2,3,3,in
9,490180,2,3,3,in
9,491021,2,3,3,in
9,491862,2,3,3,in
9,492770,2,3,3,in
9,493613,2,3,3,in
9,494453,2,3,3,in
9,495362,2,4,4,in
9,496202,2,4,4,in
9,497044,2,4,4,in
9,497952,2,3,5,in
9,498793,2,3,5,in
9,499634,2,3,5,in
9,500542,2,3,4,in
9,501384,2,3,4,in
9,502224,2,3,4,in
9,503133,2,3,4,in
9,503973,2,3,4,in
9,504814,2,3,4,in
9,505722,2,3,4,in
9,506563,2,3,4,in
9,507405,2,3,4,in
9,508312,2,3,4,in
9,509154,2,3,4,in
9,509996,2,3,4,in
9,510903,2,3,4,in
9,511745,2,3,4,in
9,512585,2,3,4,in
9,513494,2,3,4,in
9,514334,2,3,4,in
9,515176,2,3,4,in
9,516084,2,3,4,in
9,516925,2,3,4,in
9,517766,2,3,4,in
9,518674,1,2,3,in
9,519515,1,2,3,in
9,520356,1,2,3,in
9,521264,1,2,3,in
9,522104,1,2,3,in
9,522946,1,2,3,in
9,523854,2,2,2,in
9,524695,2,2,2,in
9,525536,2,2,2,in
9,526444,2,2,2,in
9,527286,2,2,2,in
9,528126,2,2,2,in
9,529035,1,3,3,in
9,529875,1,3,3,in
9,530717,1,3,3,in
9,531624,1,3,3,in
9,532466,1,3,3,in
9,533307,1,3,3,in
9,534215,1,2,2,in
9,535057,1,2,2,in
9,535898,1,2,2,in
9,536806,1,3,3,in
9,537647,2,4,4,in
9,538487,2,4,4,in
9,539396,2,3,3,in
9,540236,1,2,2,in
9,541077,1,2,2,in
9,541984,1,3,3,in
9,542827,1,3,3,in
9,543667,1,3,3,in
9,544574,1,3,3,in
9,545416,1,3,3,in
9,546256,1,3,3,in
9,547165,1,2,2,in
9,548005,1,2,2,in
9,548846,1,2,2,in
9,549754,1,3,5,in
9,550595,1,3,5,in
9,551436,1,3,5,in
9,552344,1,3,5,in
9,553186,1,3,5,in
9,554027,1,3,5,in
9,554935,1,4,5,in
9,555776,2,5,6,in
9,556616,2,5,6,in
9,557524,2,4,6,in
9,558365,1,3,5,in
9,559207,1,3,5,in
9,560114,1,3,4,in
9,560956,1,3,4,in
9,561797,1,3,4,in
9,562705,1,3,5,in
9,563546,1,3,5,in
9,564386,1,3,5,in
9,565295,1,3,5,in
9,566135,1,3,5,in
9,566978,1,3,5,in
9,567884,1,3,5,in
9,568726,1,3,5,in
9,569567,1,3,5,in
9,570475,1,3,5,in
9,571316,1,3,5,in
9,572156,1,3,5,in
9,573065,1,3,4,in
9,573905,1,3,4,in
9,574747,1,3,4,in
9,575654,1,2,2,in
9,576496,1,2,2,in
9,577337,1,2,2,in
9,578244,0,2,2,in
9,579086,0,2,2,in
9,579927,0,2,2,in
9,580834,0,1,1,in
9,581675,0,1,1,in
9,582516,0,1,1,in
9,583424,0,1,1,in
9,584265,0,1,1,in
9,585106,0,1,1,in
9,586013,0,2,2,in
9,586855,0,2,2,in
9,587696,0,2,2,in
9,588604,1,1,1,in
9,589445,1,1,1,in
9,590286,1,1,1,in
9,591195,1,2,2,in
9,592034,1,2,2,in
9,592875,1,2,2,in
9,593783,0,1,1,in
9,594625,0,1,1,in
9,595466,0,1,1,in
9,596374,1,2,2,in
9,597215,1,2,2,in
9,598056,1,2,2,in
9,598964,1,2,2,in
9,599805,1,2,2,in
9,600646,1,2,2,in
9,601554,1,2,2,in
9,602395,1,2,2,in
9,603237,1,2,2,in
9,604144,2,3,3,in
9,604985,2,3,3,in
9,605827,2,3,3,in
9,606734,2,3,3,in
9,607575,2,3,3,in
9,608415,2,3,3,in
9,609324,1,3,3,in
9,610164,1,3,3,in
9,611006,1,3,3,in
9,611913,1,4,4,in
9,612754,1,4,4,in
9,613596,1,4,4,in
9,614504,1,4,4,in
9,615346,1,4,4,in
9,616185,1,4,4,in
9,617094,1,3,3,in
9,617934,2,4,4,in
9,618776,2,4,4,in
9,619684,2,4,4,in
9,620525,2,4,4,in
9,621367,2,4,4,in
9,622274,2,4,4,in
9,623116,2,4,4,in
9,623956,1,3,3,in
9,624865,1,3,3,in
9,625705,1,3,3,in
9,626546,1,3,3,in
9,627453,1,3,3,in
9,628295,1,3,3,in
9,629136,1,3,3,in
9,630044,1,3,3,in
9,630884,1,3,3,in
9,631725,1,3,3,in
9,632633,2,4,4,in
9,633474,2,4,4,in
9,634314,2,4,4,in
9,635223,2,4,4,in
9,636063,1,3,3,in
9,636904,1,3,3,in
9,637812,1,3,3,in
9,638653,2,4,4,in
9,639496,2,4,4,in
9,640402,2,4,4,in
9,641243,2,4,4,in
9,642084,2,4,4,in
9,642992,2,4,4,in
9,643833,2,4,4,in
9,644674,2,4,4,in
9,645582,3,5,5,in
9,646423,3,5,5,in
9,647264,3,5,5,in
9,648171,3,5,5,in
9,649013,3,5,5,in
9,649853,3,5,5,in
9,650761,3,5,5,in
9,651601,3,5,5,in
9,652443,3,5,5,in
9,653350,3,5,5,in
9,654192,3,5,5,in
9,655033,3,5,5,in
9,655940,3,5,5,in
9,656781,3,5,5,in
9,657622,3,5,5,in
9,658530,3,6,6,in
9,659372,3,6,6,in
9,660212,3,6,6,in
9,661121,3,5,5,in
9,661961,3,5,5,in
9,662802,3,5,5,in
9,663711,3,5,5,in
9,664551,3,5,5,in
9,665392,3,5,5,in
9,666300,3,5,5,in
9,667142,3,5,5,in
9,667983,3,5,5,in
9,668891,3,6,6,in
9,669732,3,6,6,in
9,670573,3,6,6,in
9,671481,3,6,6,in
9,672322,3,6,6,in
9,673163,3,6,6,in
9,674071,3,6,6,in
9,674912,3,6,6,in
9,675753,3,6,6,in
9,676661,3,5,5,in
9,677502,3,5,5,in
9,678343,3,5,5,in
9,679251,3,6,6,in
9,680093,3,6,6,in
9,680935,3,6,6,in
9,681842,4,6,6,in
9,682683,4,6,6,in
9,683525,4,6,6,in
9,684432,4,6,6,in
9,685273,4,6,6,in
9,686113,4,6,6,in
9,687022,4,6,6,in
9,687863,4,6,6,in
9,688703,4,6,6,in
9,689612,3,6,6,in
9,690452,3,6,6,in
9,691294,3,6,6,in
9,692202,4,7,7,in
9,693043,4,7,7,in
9,693884,4,7,7,in
9,694792,2,4,4,in
9,695633,2,4,4,in
9,696475,2,4,4,in
9,697382,2,4,4,in
9,698224,3,5,5,in
9,699065,3,5,5,in
9,699973,3,5,5,in
9,700814,3,5,5,in
9,701655,3,5,5,in
9,702563,3,6,6,in
9,703404,3,6,6,in
9,704245,3,6,6,in
9,705153,3,5,5,in
9,705993,3,5,5,in
9,706835,3,5,5,in
9,707742,2,4,4,in
9,708583,2,4,4,in
9,709425,2,4,4,in
9,710332,2,4,4,in
9,711174,2,4,4,in
9,712015,2,4,4,in
9,712924,2,4,4,in
9,713764,2,4,4,in
9,714605,2,4,4,in
9,715513,2,4,4,in
9,716354,2,4,4,in
9,717195,2,4,4,in
9,718102,2,3,3,in
9,718944,2,3,3,in
9,719784,2,3,3,in
9,720693,2,3,3,in
9,721533,2,3,3,in
9,722375,2,3,3,in
9,723282,2,3,3,in
9,724123,2,3,3,in
9,724965,2,3,3,in
9,725873,2,4,4,in
9,726714,2,4,4,in
9,727556,2,4,4,in
9,728463,2,3,4,in
9,729305,2,3,4,in
9,730145,2,3,4,in
9,731054,2,3,5,in
9,731894,2,3,5,in
9,732736,2,3,5,in
9,733643,2,3,4,in
9,734484,2,3,4,in
9,734291,0,0,0,in
9,735129,0,0,0,in
9,736037,0,0,0,in
9,736875,0,0,0,in
9,737714,0,0,0,in
9,738621,0,0,0,in
9,739459,0,0,0,in
9,740297,0,0,0,in
9,741204,0,0,0,in
9,742043,0,0,1,in
9,742882,0,0,1,in
9,743789,0,0,1,in
9,744628,0,0,0,in
9,745465,0,0,0,in
9,746373,0,0,0,in
9,747211,0,0,0,in
9,748049,0,0,1,in
9,748957,0,0,0,in
9,749795,0,0,0,in
9,750633,0,0,0,in
9,751541,0,0,0,in
9,752379,0,0,0,in
9,753217,0,0,0,in
9,754125,0,0,0,in
9,754963,0,0,0,in
9,755801,0,0,0,in
9,756709,0,0,0,in
9,757548,0,0,0,in
9,758386,0,0,0,in
9,759293,0,0,0,in
9,760131,0,0,0,in
9,760970,0,0,0,in
9,761877,0,0,0,in
9,762716,0,0,0,in
9,763553,0,0,0,in
9,764462,0,0,0,in
9,765299,0,0,0,in
9,766137,0,0,0,in
9,767044,0,0,0,in
9,767883,0,0,0,in
9,768721,0,0,0,in
9,769629,0,0,0,in
9,770467,0,0,0,in
9,771305,0,0,0,in
9,772212,0,0,0,in
9,7290,17,30,33,out
9,10078,11,21,22,out
9,12793,10,19,21,out
9,13705,10,19,20,out
9,14543,10,19,20,out
9,15382,11,19,21,out
9,16291,9,17,19,out
9,17129,9,17,19,out
9,17967,9,17,19,out
9,18876,10,18,18,out
9,19714,10,18,18,out
9,20552,10,18,18,out
9,21460,10,17,17,out
9,22299,10,17,17,out
9,23138,10,17,17,out
9,24046,9,15,15,out
9,24885,9,15,15,out
9,25723,9,15,15,out
9,26632,8,12,12,out
9,27469,8,12,12,out
9,28308,8,12,12,out
9,29216,8,12,12,out
9,30055,8,12,12,out
9,30894,8,12,12,out
9,31802,8,12,12,out
9,32641,8,12,12,out
9,33478,8,12,12,out
9,34387,8,12,12,out
9,35225,8,12,12,out
9,36064,8,12,12,out
9,36972,8,12,12,out
9,37811,8,12,12,out
9,38648,8,12,12,out
9,39557,9,13,13,out
9,40395,9,13,13,out
9,41234,9,13,13,out
9,42142,9,15,15,out
9,42981,9,15,15,out
9,43820,9,15,15,out
9,44728,9,13,13,out
9,45566,9,13,13,out
9,46405,9,13,13,out
9,47313,9,14,14,out
9,48152,9,15,15,out
9,48990,9,15,15,out
9,49899,9,15,15,out
9,50737,9,15,15,out
9,51575,9,15,15,out
9,52485,9,15,15,out
9,53322,9,15,15,out
9,54161,9,15,15,out
9,55069,9,16,16,out
9,55908,9,16,16,out
9,56747,9,16,16,out
9,57655,10,16,16,out
9,58494,10,16,16,out
9,59332,10,16,16,out
9,60240,10,18,18,out
9,61079,10,18,18,out
9,61917,10,18,18,out
9,62826,10,18,18,out
9,63664,10,18,18,out
9,64502,10,18,18,out
9,65412,11,19,19,out
9,66249,12,19,19,out
9,67088,12,19,19,out
9,67996,12,19,20,out
9,68835,12,19,20,out
9,69673,12,19,20,out
9,70583,10,19,21,out
9,71420,10,19,21,out
9,72259,10,19,21,out
9,73168,11,19,21,out
9,74006,11,19,21,out
9,74845,11,19,21,out
9,75754,13,20,21,out
9,76593,13,20,21,out
9,77430,13,20,21,out
9,78340,13,20,22,out
9,79177,13,20,22,out
9,80016,13,20,22,out
9,80924,13,21,25,out
9,81763,13,21,25,out
9,82603,13,21,25,out
9,83510,12,20,24,out
9,84348,12,20,24,out
9,85187,12,20,24,out
9,86096,13,20,24,out
9,86934,13,20,24,out
9,87773,13,20,24,out
9,88681,12,18,23,out
9,89520,12,18,22,out
9,90358,12,18,22,out
9,91267,10,18,21,out
9,92105,10,18,21,out
9,92944,10,18,21,out
9,93852,10,18,19,out
9,94691,10,18,19,out
9,95529,10,18,19,out
9,96438,10,17,19,out
9,97276,10,17,19,out
9,98114,10,17,19,out
9,99023,9,18,19,out
9,99862,9,18,19,out
9,100701,9,18,19,out
9,101609,9,18,19,out
9,102448,9,18,19,out
9,103286,9,18,19,out
9,104196,9,18,19,out
9,105033,9,18,19,out
9,105872,9,18,19,out
9,106781,9,17,17,out
9,107618,9,17,17,out
9,108456,9,17,17,out
9,109365,9,17,18,out
9,110203,9,17,18,out
9,111042,9,17,18,out
9,111950,9,17,20,out
9,112789,9,17,20,out
9,113628,9,17,20,out
9,114536,9,18,20,out
9,115375,9,18,20,out
9,116213,9,18,20,out
9,117122,9,18,20,out
9,117960,9,18,20,out
9,118799,9,18,20,out
9,119707,9,18,20,out
9,120546,9,18,20,out
9,121384,9,18,20,out
9,122293,10,18,21,out
9,123131,10,18,21,out
9,123970,10,18,21,out
9,124878,10,17,19,out
9,125717,11,17,19,out
9,126557,11,17,19,out
9,127465,11,16,19,out
9,128304,10,16,19,out
9,129142,10,16,19,out
9,130051,10,16,19,out
9,130889,10,16,19,out
9,131727,10,16,19,out
9,132635,9,16,19,out
9,133474,9,16,19,out
9,134312,9,16,19,out
9,135221,10,17,18,out
9,136059,10,17,18,out
9,136898,10,17,18,out
9,137806,10,18,18,out
9,138716,12,19,19,out
9,139624,12,19,19,out
9,140532,11,20,20,out
9,141442,12,21,21,out
9,142350,12,22,22,out
9,143258,12,24,24,out
9,144167,12,24,24,out
9,145076,13,25,25,out
9,145985,13,26,26,out
9,146893,12,24,24,out
9,147802,12,25,27,out
9,148710,12,26,27,out
9,149549,12,26,27,out
9,150387,12,26,27,out
9,151296,13,25,27,out
9,152134,13,24,26,out
9,152973,13,24,26,out
9,153881,13,24,25,out
9,154720,13,24,25,out
9,155558,13,24,25,out
9,156468,12,23,25,out
9,157305,12,23,25,out
9,158144,12,23,25,out
9,159052,13,23,27,out
9,159891,13,23,27,out
9,160730,13,23,27,out
9,161638,12,22,28,out
9,162477,12,22,28,out
9,163315,12,22,28,out
9,164224,13,22,28,out
9,165062,13,22,28,out
9,165901,13,22,28,out
9,166809,12,21,27,out
9,167648,12,21,27,out
9,168486,12,21,27,out
9,169395,12,21,26,out
9,170233,12,21,26,out
9,171072,12,21,26,out
9,171980,12,19,24,out
9,172819,12,18,24,out
9,173658,12,18,24,out
9,174566,12,18,24,out
9,175405,12,18,24,out
9,176243,12,18,24,out
9,177152,12,18,25,out
9,177990,12,18,25,out
9,178829,12,18,25,out
9,179737,12,17,24,out
9,180577,12,17,24,out
9,181414,12,17,24,out
9,182323,12,18,24,out
9,183161,12,18,24,out
9,184000,12,18,24,out
9,184908,12,17,22,out
9,185747,12,17,22,out
9,186586,12,17,22,out
9,187494,12,17,19,out
9,188333,12,17,19,out
9,189171,12,17,19,out
9,190080,12,17,19,out
9,190918,12,18,20,out
9,191757,12,18,20,out
9,192665,12,18,21,out
9,193504,12,17,21,out
9,194342,12,17,21,out
9,195252,13,17,22,out
9,196090,13,17,22,out
9,196929,13,17,22,out
9,197837,13,18,20,out
9,198676,13,18,20,out
9,199515,13,18,20,out
9,200423,12,17,20,out
9,201262,12,17,20,out
9,202099,12,17,20,out
9,203009,12,17,20,out
9,203847,12,17,20,out
9,204686,12,17,20,out
9,205594,12,18,22,out
9,206433,12,18,22,out
9,207270,12,18,22,out
9,208180,11,17,21,out
9,209017,11,17,21,out
9,209856,11,17,21,out
9,210765,12,18,22,out
9,211603,12,18,22,out
9,212442,12,18,22,out
9,213351,11,18,22,out
9,214190,11,18,22,out
9,215028,11,18,22,out
9,215937,12,19,22,out
9,216775,12,19,22,out
9,217614,12,19,21,out
9,218522,12,18,20,out
9,219361,12,18,20,out
9,220199,12,18,20,out
9,221108,11,18,20,out
9,221947,11,18,20,out
9,222785,11,18,20,out
9,223693,12,18,21,out
9,224532,12,18,21,out
9,225371,12,18,21,out
9,226279,12,20,22,out
9,227118,12,20,22,out
9,227956,12,20,22,out
9,228866,13,21,21,out
9,229704,13,21,21,out
9,230542,13,21,21,out
9,231451,13,19,19,out
9,232290,13,19,19,out
9,233128,13,19,19,out
9,234037,14,20,20,out
9,234875,14,20,20,out
9,235714,14,20,20,out
9,236622,13,18,18,out
9,237461,13,18,18,out
9,238300,13,18,18,out
9,239209,13,19,19,out
9,240048,13,19,19,out
9,240886,13,19,19,out
9,241795,13,19,19,out
9,242633,13,19,19,out
9,243472,13,19,19,out
9,244381,12,18,18,out
9,245220,12,18,18,out
9,246057,12,18,18,out
9,246967,12,18,18,out
9,247805,12,18,18,out
9,248644,12,18,18,out
9,249552,12,18,18,out
9,250391,12,19,19,out
9,251230,12,19,19,out
9,252138,12,18,18,out
9,252977,12,17,17,out
9,253816,12,17,17,out
9,254724,11,17,17,out
9,255562,11,17,17,out
9,256401,11,17,17,out
9,257310,11,17,17,out
9,258149,11,17,17,out
9,258988,11,17,17,out
9,259896,11,17,17,out
9,260734,11,17,17,out
9,261573,11,17,17,out
9,262481,10,18,18,out
9,263320,10,18,18,out
9,264160,10,18,18,out
9,265068,10,18,18,out
9,265907,10,18,18,out
9,266745,10,18,18,out
9,267655,10,18,19,out
9,268493,11,18,19,out
9,269332,11,18,19,out
9,270240,12,19,21,out
9,271079,12,19,20,out
9,271918,12,19,20,out
9,272827,12,19,22,out
9,273666,12,19,21,out
9,274504,12,19,21,out
9,275412,10,19,21,out
9,276251,10,19,21,out
9,277090,10,19,21,out
9,278000,10,20,23,out
9,278838,10,20,23,out
9,279676,10,20,23,out
9,280585,10,19,21,out
9,281423,10,19,21,out
9,282263,10,19,21,out
9,283171,9,19,21,out
9,284009,9,19,21,out
9,284848,9,19,21,out
9,285757,9,18,22,out
9,286596,9,18,22,out
9,287434,9,18,22,out
9,288343,9,18,22,out
9,289181,9,18,22,out
9,290020,9,18,22,out
9,290928,9,18,22,out
9,291767,9,18,22,out
9,292605,9,18,22,out
9,293515,11,17,20,out
9,294353,11,17,20,out
9,295192,10,17,20,out
9,296100,10,18,20,out
9,296939,10,18,20,out
9,297778,11,18,20,out
9,298687,11,18,20,out
9,299526,11,18,20,out
9,300364,11,18,20,out
9,301273,10,18,21,out
9,302112,10,18,21,out
9,302950,10,18,21,out
9,303859,12,17,20,out
9,304698,12,17,20,out
9,305537,12,17,20,out
9,306446,13,19,21,out
9,307284,13,19,21,out
9,308123,13,19,21,out
9,309032,13,19,23,out
9,309870,13,20,23,out
9,310709,13,20,23,out
9,311618,13,20,23,out
9,312457,13,19,23,out
9,313295,13,19,23,out
9,314205,14,21,24,out
9,315043,14,21,24,out
9,315882,14,20,24,out
9,316790,14,20,24,out
9,317629,14,20,24,out
9,318468,14,20,24,out
9,319377,14,20,24,out
9,320216,14,20,24,out
9,321054,14,20,24,out
9,321963,14,20,23,out
9,322801,14,20,23,out
9,323640,14,20,23,out
9,324549,13,19,23,out
9,325388,13,19,23,out
9,326227,13,19,23,out
9,327136,13,20,22,out
9,327974,13,21,22,out
9,328813,13,21,22,out
9,329721,14,22,24,out
9,330560,14,22,24,out
9,331400,14,22,24,out
9,332308,13,21,22,out
9,333147,13,21,22,out
9,333986,13,20,21,out
9,334895,13,20,24,out
9,335733,13,20,24,out
9,336572,13,21,24,out
9,337480,13,22,25,out
9,338319,13,22,25,out
9,339158,13,22,25,out
9,340067,13,20,24,out
9,340905,13,20,24,out
9,341744,13,20,24,out
9,342652,13,20,22,out
9,343491,13,20,22,out
9,344330,13,20,22,out
9,345239,13,22,23,out
9,346078,13,22,23,out
9,346916,13,22,23,out
9,347826,13,23,25,out
9,348664,13,23,25,out
9,349503,13,23,25,out
9,350412,13,22,25,out
9,351250,13,22,25,out
9,352089,13,22,25,out
9,352998,13,22,25,out
9,353837,13,22,25,out
9,354675,13,22,25,out
9,355585,12,20,26,out
9,356423,12,20,26,out
9,357262,12,20,26,out
9,358171,13,20,27,out
9,359010,13,20,27,out
9,359848,13,20,27,out
9,360758,13,20,27,out
9,361596,13,20,27,out
9,362435,13,20,27,out
9,363343,13,19,26,out
9,364182,13,19,26,out
9,365021,13,19,26,out
9,365930,13,19,27,out
9,366769,13,19,27,out
9,367607,13,19,27,out
9,368517,13,18,28,out
9,369355,13,18,28,out
9,370194,13,18,28,out
9,371102,14,19,28,out
9,371941,14,19,28,out
9,372780,14,19,28,out
9,373689,14,19,27,out
9,374529,14,19,27,out
9,375366,14,19,27,out
9,376275,14,19,28,out
9,377114,14,19,28,out
9,377953,14,19,28,out
9,378861,14,19,27,out
9,379700,14,19,27,out
9,380539,14,19,27,out
9,381448,14,19,24,out
9,382286,14,19,24,out
9,383125,14,19,24,out
9,384034,13,20,24,out
9,384873,13,20,24,out
9,385712,13,20,24,out
9,386621,13,19,22,out
9,387460,13,19,22,out
9,388297,13,19,22,out
9,389207,13,19,24,out
9,390045,13,19,24,out
9,390884,13,19,24,out
9,391792,13,19,24,out
9,392631,13,19,24,out
9,393469,13,19,24,out
9,394379,14,20,23,out
9,395217,14,20,23,out
9,396056,14,20,23,out
9,396965,13,19,22,out
9,397804,13,19,22,out
9,398644,13,19,22,out
9,399552,12,22,23,out
9,400461,12,20,24,out
9,401370,12,22,25,out
9,402279,12,22,27,out
9,403188,12,23,28,out
9,404097,13,24,29,out
9,405006,13,26,29,out
9,405915,12,27,29,out
9,406823,12,26,29,out
9,407733,12,27,30,out
9,408641,12,26,30,out
9,409550,12,26,28,out
9,410459,12,27,29,out
9,411368,12,27,29,out
9,412207,12,27,29,out
9,413116,12,26,28,out
9,413954,12,25,28,out
9,414792,12,25,28,out
9,415702,11,25,28,out
9,416540,11,25,27,out
9,417379,11,25,27,out
9,418287,11,23,25,out
9,419127,11,23,25,out
9,419965,11,23,25,out
9,420874,11,23,25,out
9,421712,11,23,25,out
9,422551,11,23,25,out
9,423461,12,23,25,out
9,424299,12,23,25,out
9,425138,12,23,25,out
9,426047,12,22,25,out
9,426886,12,22,25,out
9,427724,12,22,25,out
9,428634,13,22,23,out
9,429472,13,22,23,out
9,430311,13,22,23,out
9,431219,13,22,23,out
9,432058,13,22,23,out
9,432897,13,22,23,out
9,433806,13,20,21,out
9,434644,13,19,21,out
9,435483,13,19,21,out
9,436392,13,18,19,out
9,437231,13,18,19,out
9,438070,13,18,19,out
9,438978,13,19,19,out
9,439817,13,19,19,out
9,440655,13,19,19,out
9,441565,13,18,18,out
9,442403,13,18,18,out
9,443242,13,18,18,out
9,444151,13,20,20,out
9,445060,13,20,22,out
9,445969,13,19,22,out
9,446878,13,21,23,out
9,447788,12,22,23,out
9,448697,12,23,27,out
9,449606,13,26,28,out
9,450514,13,27,29,out
9,451424,13,27,30,out
9,452333,14,28,35,out
9,453241,14,28,35,out
9,454152,15,30,35,out
9,455060,15,31,36,out
9,455899,15,31,36,out
9,456737,15,31,36,out
9,457647,15,30,35,out
9,458485,15,29,34,out
9,459324,15,29,34,out
9,460233,14,28,33,out
9,461072,14,28,33,out
9,461911,14,28,32,out
9,462819,15,26,30,out
9,463657,15,26,30,out
9,464497,15,26,31,out
9,465404,14,25,32,out
9,466243,14,25,32,out
9,467082,14,25,32,out
9,467991,15,25,32,out
9,468900,15,25,30,out
9,469810,15,25,28,out
9,470718,15,26,29,out
9,471627,14,23,28,out
9,472538,13,23,28,out
9,473446,14,25,29,out
9,474354,13,26,31,out
9,475264,14,27,33,out
9,476173,14,28,31,out
9,477082,13,29,31,out
9,477990,13,29,31,out
9,478900,13,29,31,out
9,479738,13,29,32,out
9,480577,13,29,32,out
9,481486,13,27,29,out
9,482325,13,26,28,out
9,483164,13,26,28,out
9,484073,13,25,28,out
9,484912,13,25,28,out
9,485750,13,25,28,out
9,486659,13,25,26,out
9,487498,13,25,26,out
9,488337,13,25,26,out
9,489245,12,24,25,out
9,490084,12,24,25,out
9,490923,12,24,25,out
9,491832,12,23,23,out
9,492670,12,23,23,out
9,493510,12,23,23,out
9,494418,12,22,22,out
9,495258,12,22,22,out
9,496097,12,22,22,out
9,497007,12,22,26,out
9,497845,12,22,26,out
9,498683,12,22,26,out
9,499593,12,21,28,out
9,500431,12,21,28,out
9,501270,12,21,28,out
9,502179,12,21,33,out
9,503018,12,21,33,out
9,503857,12,21,33,out
9,504766,13,21,34,out
9,505605,13,21,34,out
9,506443,13,21,34,out
9,507353,13,21,37,out
9,508191,13,21,37,out
9,509030,13,21,37,out
9,509939,12,21,37,out
9,510778,12,21,37,out
9,511617,12,21,37,out
9,512526,13,21,37,out
9,513364,13,21,37,out
9,514203,13,21,37,out
9,515112,13,22,38,out
9,515951,13,22,38,out
9,516790,13,22,38,out
9,517700,14,21,39,out
9,518539,14,21,39,out
9,519377,14,21,39,out
9,520287,13,20,38,out
9,521125,13,21,39,out
9,521964,13,21,39,out
9,522872,13,20,34,out
9,523711,13,19,34,out
9,524550,13,19,34,out
9,525459,13,21,33,out
9,526298,13,21,33,out
9,527136,13,21,33,out
9,528046,13,21,30,out
9,528884,13,21,30,out
9,529723,13,20,30,out
9,530632,13,19,28,out
9,531471,13,19,28,out
9,532310,13,19,28,out
9,533219,13,21,25,out
9,534057,13,21,25,out
9,534896,13,21,25,out
9,535805,13,19,25,out
9,536644,13,19,25,out
9,537483,13,19,25,out
9,538391,13,21,26,out
9,539231,13,21,26,out
9,540069,13,21,26,out
9,540978,13,21,26,out
9,541816,13,21,26,out
9,542656,13,21,26,out
9,543564,13,21,25,out
9,544403,13,21,25,out
9,545243,13,21,25,out
9,546152,12,22,25,out
9,546990,12,22,25,out
9,547829,12,22,25,out
9,548738,12,22,25,out
9,549576,12,22,25,out
9,550415,12,22,25,out
9,551324,12,21,23,out
9,552163,12,21,23,out
9,553001,12,21,23,out
9,553911,12,21,22,out
9,554749,12,21,22,out
9,555588,12,21,22,out
9,556497,13,22,25,out
9,557336,13,22,25,out
9,558175,13,22,25,out
9,559083,13,23,27,out
9,559922,13,23,27,out
9,560760,13,23,27,out
9,561670,13,24,27,out
9,562508,13,24,27,out
9,563347,13,24,27,out
9,564256,13,24,27,out
9,565095,13,24,27,out
9,565934,13,24,27,out
9,566842,12,23,27,out
9,567682,12,23,27,out
9,568520,12,23,27,out
9,569428,13,23,27,out
9,570268,13,23,27,out
9,571107,13,23,27,out
9,572016,13,23,27,out
9,572855,13,23,27,out
9,573693,13,23,27,out
9,574603,13,22,26,out
9,575441,13,22,26,out
9,576280,13,22,26,out
9,577188,13,22,25,out
9,578027,13,22,25,out
9,578866,13,22,25,out
9,579775,13,23,25,out
9,580614,13,23,25,out
9,581452,13,23,25,out
9,582362,12,22,22,out
9,583200,12,22,22,out
9,584039,12,22,22,out
9,584947,12,20,20,out
9,585786,12,20,20,out
9,586626,12,19,19,out
9,587534,12,19,19,out
9,588372,12,19,19,out
9,589211,12,19,19,out
9,590120,12,18,19,out
9,590959,12,18,19,out
9,591798,12,18,19,out
9,592707,12,19,21,out
9,593546,12,19,21,out
9,594383,12,19,21,out
9,595293,12,18,22,out
9,596201,12,20,23,out
9,597110,12,22,26,out
9,598020,12,23,27,out
9,598928,12,23,27,out
9,599837,12,23,29,out
9,600747,13,26,34,out
9,601656,13,27,36,out
9,602564,15,28,35,out
9,603473,13,28,38,out
9,604382,13,29,37,out
9,605291,14,28,38,out
9,606200,16,27,36,out
9,607039,15,27,36,out
9,607878,15,27,36,out
9,608787,15,27,35,out
9,609626,15,27,35,out
9,610464,15,26,34,out
9,611374,15,26,35,out
9,612212,15,26,35,out
9,613051,15,26,35,out
9,613959,15,26,32,out
9,614798,15,26,32,out
9,615636,15,26,32,out
9,616546,14,24,28,out
9,617384,14,24,28,out
9,618223,14,24,28,out
9,619133,14,23,26,out
9,619971,14,23,26,out
9,620810,14,23,26,out
9,621719,14,23,26,out
9,622558,14,23,26,out
9,623396,14,23,26,out
9,624306,14,22,24,out
9,625144,14,22,24,out
9,625983,14,22,24,out
14,3673,14,24,24,out
14,5094,15,24,25,out
14,6005,14,23,24,out
14,6918,14,22,22,out
14,7829,14,22,22,out
14,8741,14,22,22,out
14,9653,13,21,21,out
14,10565,13,21,21,out
14,11476,13,22,22,out
14,12389,13,22,22,out
14,13300,13,22,22,out
14,14213,12,22,22,out
14,15125,13,24,24,out
14,16036,13,24,24,out
14,16949,13,23,23,out
14,17789,13,23,23,out
14,18631,13,23,23,out
14,19544,13,24,24,out
14,20384,13,24,24,out
14,21226,13,24,24,out
14,22138,13,23,24,out
14,22979,13,23,24,out
14,23821,13,23,24,out
14,24732,13,23,24,out
14,25574,13,23,24,out
14,26415,13,23,24,out
14,27327,13,23,24,out
14,28169,13,23,24,out
14,29009,13,23,24,out
14,29922,13,22,23,out
14,30764,13,22,23,out
14,31604,13,22,23,out
14,32517,12,22,22,out
14,33357,12,22,22,out
14,34199,12,22,22,out
14,35110,12,21,22,out
14,35952,12,21,22,out
14,36793,12,21,22,out
14,37704,12,20,20,out
14,38546,12,20,20,out
14,39388,12,20,20,out
14,40299,13,21,21,out
14,41141,13,21,21,out
14,41982,13,21,21,out
14,42894,13,20,21,out
14,43736,13,20,21,out
14,44576,13,20,21,out
14,45489,13,20,20,out
14,46330,13,20,20,out
14,47171,13,20,20,out
14,48083,14,20,20,out
14,48924,14,20,20,out
14,49767,14,20,20,out
14,50677,14,20,20,out
14,51519,14,20,20,out
14,52361,14,20,20,out
14,53272,14,19,20,out
14,54113,14,19,20,out
14,54955,14,19,20,out
14,55867,14,20,21,out
14,56708,14,20,21,out
14,57549,14,20,21,out
14,58462,14,21,22,out
14,59303,14,21,22,out
14,60144,14,21,22,out
14,61057,14,21,22,out
14,61968,14,21,21,out
14,62880,14,20,20,out
14,63793,14,20,21,out
14,64704,13,20,21,out
14,65615,13,20,20,out
14,66528,13,21,21,out
14,67439,12,21,21,out
14,68350,12,21,21,out
14,69263,11,20,20,out
14,70174,11,20,20,out
14,71088,11,20,20,out
14,71998,11,20,20,out
14,72840,11,20,20,out
14,73681,11,20,20,out
14,74593,11,19,19,out
14,75435,11,19,19,out
14,76275,11,19,19,out
14,77188,11,20,20,out
14,78029,11,20,20,out
14,78870,11,20,20,out
14,79782,11,19,19,out
14,80624,11,19,19,out
14,81465,11,19,19,out
14,82377,11,18,19,out
14,83219,11,18,19,out
14,84060,11,18,19,out
14,84972,12,18,19,out
14,85813,12,18,19,out
14,86654,12,18,19,out
14,87567,12,19,19,out
14,88408,12,19,19,out
14,89249,12,19,19,out
14,90162,12,18,19,out
14,91002,12,18,19,out
14,91844,12,18,19,out
14,92755,12,18,18,out
14,93597,12,18,18,out
14,94439,12,18,18,out
14,95351,12,18,18,out
14,96192,12,18,18,out
14,97034,12,18,18,out
14,97945,12,18,18,out
14,98788,12,18,18,out
14,99629,12,18,18,out
14,100540,12,18,19,out
14,101382,12,18,19,out
14,102222,12,18,19,out
14,103135,12,18,19,out
14,103976,12,18,19,out
14,104818,12,18,19,out
14,105730,12,18,19,out
14,106571,12,18,19,out
14,107412,12,18,19,out
14,108324,12,18,18,out
14,109165,12,18,18,out
14,110007,12,18,18,out
14,110918,12,18,18,out
14,111760,12,18,18,out
14,112601,12,18,18,out
14,113513,13,18,19,out
14,114354,13,18,19,out
14,115195,13,18,19,out
14,116108,12,18,19,out
14,116950,12,18,19,out
14,117790,12,18,19,out
14,118703,12,17,18,out
14,119544,12,17,18,out
14,120385,12,17,18,out
14,121296,11,16,18,out
14,122138,11,16,18,out
14,122980,11,16,18,out
14,123892,12,16,19,out
14,124733,12,16,19,out
14,125575,12,16,19,out
14,126486,12,17,19,out
14,127328,12,17,19,out
14,128169,12,17,19,out
14,129081,11,16,18,out
14,129923,11,16,18,out
14,130764,11,16,18,out
14,131676,11,17,19,out
14,132517,12,18,20,out
14,133359,12,18,20,out
14,134272,12,19,21,out
14,135112,12,19,21,out
14,135954,12,19,21,out
14,136866,12,19,21,out
14,137708,12,19,21,out
14,138549,12,19,21,out
14,139461,12,19,20,out
14,140303,12,19,20,out
14,141145,12,19,20,out
14,142056,12,18,20,out
14,142898,12,18,20,out
14,143739,12,18,20,out
14,144651,13,19,21,out
14,145492,13,19,21,out
14,146333,13,19,21,out
14,147246,14,20,21,out
14,148087,14,20,21,out
14,148929,14,20,21,out
14,149840,13,20,20,out
14,150682,13,20,20,out
14,151524,13,20,20,out
14,152435,13,20,20,out
14,153277,13,20,20,out
14,154119,13,20,20,out
14,155030,13,20,20,out
14,155872,13,20,20,out
14,156713,12,19,19,out
14,157625,12,18,18,out
14,158467,12,18,18,out
14,159308,13,19,19,out
14,160221,13,19,19,out
14,161061,13,19,19,out
14,161903,13,19,19,out
14,162816,13,18,18,out
14,163656,13,18,18,out
14,164498,13,18,18,out
14,165410,13,18,18,out
14,166252,13,18,18,out
14,167094,13,18,18,out
14,168006,13,19,19,out
14,168847,13,19,19,out
14,169689,13,19,19,out
14,170600,13,19,19,out
14,171442,13,19,19,out
14,172283,13,19,19,out
14,173195,13,19,20,out
14,174036,13,19,20,out
14,174878,13,19,20,out
14,175791,14,20,21,out
14,176631,14,20,21,out
14,177473,14,20,21,out
14,178385,15,20,20,out
14,179227,15,20,20,out
14,180068,14,19,19,out
14,180980,13,18,19,out
14,181822,13,18,19,out
14,182664,13,18,19,out
14,183575,13,18,20,out
14,184417,13,18,20,out
14,185259,13,18,20,out
14,186171,13,18,20,out
14,187012,13,18,20,out
14,187853,13,18,20,out
14,188766,14,19,21,out
14,189607,14,19,21,out
14,190449,14,19,21,out
14,191361,13,19,20,out
14,192202,14,20,21,out
14,193045,14,20,21,out
14,193955,15,21,22,out
14,194797,15,21,22,out
14,195639,15,21,22,out
14,196551,15,21,23,out
14,197392,15,21,23,out
14,198234,15,21,23,out
14,199146,14,20,21,out
14,199988,14,20,21,out
14,200828,14,20,21,out
14,201741,14,20,20,out
14,202583,14,20,20,out
14,203423,14,20,20,out
14,204336,14,21,21,out
14,205177,14,21,21,out
14,206018,14,21,21,out
14,206930,14,21,21,out
14,207772,14,21,21,out
14,208614,14,21,21,out
14,209525,15,21,21,out
14,210367,15,21,21,out
14,211209,15,21,21,out
14,212120,14,20,20,out
14,212962,14,20,20,out
14,213804,14,20,20,out
14,214715,14,20,20,out
14,215557,14,20,20,out
14,216398,14,20,20,out
14,217311,14,20,20,out
14,218152,14,20,20,out
14,218994,14,20,20,out
14,219905,13,19,19,out
14,220746,13,19,19,out
14,221588,13,19,19,out
14,222499,13,19,19,out
14,223341,13,19,19,out
14,224183,13,19,19,out
14,225095,13,20,20,out
14,225936,13,20,20,out
14,226778,13,20,20,out
14,227689,13,20,20,out
14,228531,13,20,20,out
14,229372,13,20,20,out
14,230284,13,19,19,out
14,231126,13,19,19,out
14,231966,13,19,19,out
14,232879,13,19,20,out
14,233720,13,19,20,out
14,234561,13,19,20,out
14,235473,12,19,20,out
14,236315,12,19,20,out
14,237156,11,18,19,out
14,238068,12,18,19,out
14,238910,12,18,19,out
14,239751,12,18,19,out
14,240663,12,18,19,out
14,241505,12,18,19,out
14,242347,12,18,19,out
14,243258,12,18,19,out
14,244100,12,18,19,out
14,244941,12,18,19,out
14,245852,13,18,19,out
14,246693,13,18,19,out
14,247535,13,18,19,out
14,248448,12,17,18,out
14,249289,12,17,18,out
14,250131,12,17,18,out
14,251042,12,17,18,out
14,251883,13,18,19,out
14,252725,13,18,19,out
14,253637,14,18,19,out
14,254479,14,18,19,out
14,255321,14,18,19,out
14,256232,14,19,19,out
14,257074,14,19,19,out
14,257914,14,19,19,out
14,258827,14,19,19,out
14,259670,14,19,19,out
14,260510,14,19,19,out
14,261422,14,20,20,out
14,262263,14,20,20,out
14,263104,14,20,20,out
14,264015,13,19,20,out
14,264857,13,19,20,out
14,265700,13,19,20,out
14,266610,13,20,21,out
14,267452,13,20,21,out
14,268294,13,20,21,out
14,269205,14,21,21,out
14,270047,14,21,21,out
14,270888,14,21,21,out
14,271800,14,22,24,out
14,272642,14,22,24,out
14,273483,14,22,24,out
14,274396,13,22,24,out
14,275237,13,22,24,out
14,276078,12,21,23,out
14,276990,12,22,24,out
14,277831,12,22,24,out
14,278673,13,23,25,out
14,279585,12,22,24,out
14,280426,12,22,24,out
14,281268,12,22,24,out
14,282180,12,22,23,out
14,283022,12,22,23,out
14,283863,12,22,23,out
14,284775,12,21,22,out
14,285617,12,21,22,out
14,286458,12,21,22,out
14,287370,13,20,22,out
14,288211,13,20,22,out
14,289053,13,20,22,out
14,289966,14,22,24,out
14,290807,14,22,24,out
14,291649,14,22,24,out
14,292560,13,21,23,out
14,293402,13,21,23,out
14,294244,13,21,23,out
14,295155,13,21,23,out
14,295997,13,21,23,out
14,296839,13,21,23,out
14,297750,14,20,20,out
14,298591,14,20,20,out
14,299431,14,20,20,out
14,300344,13,20,21,out
14,301186,13,20,21,out
14,302027,13,20,21,out
14,302940,13,20,21,out
14,303780,13,20,21,out
14,304621,13,20,21,out
14,305533,13,20,21,out
14,306374,13,20,21,out
14,307217,13,20,21,out
14,308128,12,19,21,out
14,308969,12,19,21,out
14,309811,12,19,21,out
14,310723,12,20,21,out
14,311566,12,20,21,out
14,312406,12,20,21,out
14,313318,11,19,21,out
14,314161,11,19,21,out
14,315000,11,19,21,out
14,315913,11,19,20,out
14,316754,11,19,20,out
14,317596,11,19,20,out
14,318508,11,19,20,out
14,319349,11,19,20,out
14,320191,11,19,20,out
14,321102,11,18,19,out
14,321944,11,18,19,out
14,322785,11,18,19,out
14,323697,11,18,19,out
14,324539,11,18,19,out
14,325380,11,18,19,out
14,326292,11,17,18,out
14,327134,11,17,18,out
14,327974,11,17,18,out
14,328887,11,17,18,out
14,329729,11,17,18,out
14,330569,11,17,18,out
14,331482,12,17,17,out
14,332323,12,17,17,out
14,333164,12,17,17,out
14,334076,12,18,18,out
14,334917,12,18,18,out
14,335759,12,18,18,out
14,336671,12,18,18,out
14,337513,12,18,18,out
14,338355,12,18,18,out
14,339267,13,18,18,out
14,340109,13,18,18,out
14,340950,13,18,18,out
14,341862,13,18,18,out
14,342704,13,18,18,out
14,343544,13,18,18,out
14,344457,12,18,18,out
14,345298,12,18,18,out
14,346139,12,18,18,out
14,347052,13,19,19,out
14,347893,13,19,19,out
14,348735,13,19,19,out
14,349647,14,20,20,out
14,350488,13,19,19,out
14,351329,13,19,19,out
14,352241,13,19,19,out
14,353083,14,20,20,out
14,353925,14,20,20,out
14,354837,14,21,21,out
14,355678,14,21,21,out
14,356519,14,21,21,out
14,357431,15,21,22,out
14,358273,15,21,22,out
14,359114,15,21,22,out
14,360027,14,21,22,out
14,360867,14,21,22,out
14,361709,14,21,22,out
14,362622,14,21,22,out
14,363463,14,21,22,out
14,364304,14,21,22,out
14,365216,15,22,24,out
14,366058,15,22,24,out
14,366900,15,22,24,out
14,367811,15,22,24,out
14,368653,15,22,24,out
14,369494,15,22,24,out
14,370406,14,21,23,out
14,371247,14,21,23,out
14,372088,14,21,23,out
14,373000,14,21,23,out
14,373841,14,21,23,out
14,374683,14,21,23,out
14,375596,14,20,22,out
14,376436,14,20,22,out
14,377278,13,19,21,out
14,378189,12,19,22,out
14,379031,12,19,22,out
14,379873,13,20,23,out
14,380784,13,20,22,out
14,381626,13,20,22,out
14,382468,13,20,22,out
14,383380,13,21,23,out
14,384221,13,21,23,out
14,385062,13,21,23,out
14,385975,14,22,24,out
14,386817,14,22,24,out
14,387657,14,22,24,out
14,388571,13,21,23,out
14,389411,13,21,23,out
14,390252,13,21,23,out
14,391164,13,19,21,out
14,392005,12,18,20,out
14,392847,12,18,20,out
14,393759,12,18,19,out
14,394601,12,18,19,out
14,395442,12,18,19,out
14,396354,12,19,20,out
14,397196,12,19,20,out
14,398036,13,20,21,out
14,398949,13,19,21,out
14,399791,13,19,21,out
14,400631,13,19,21,out
14,401544,13,19,21,out
14,402385,13,19,21,out
14,403226,13,19,21,out
14,404139,12,18,19,out
14,404980,12,18,19,out
14,405822,12,18,19,out
14,406733,13,19,19,out
14,407575,13,19,19,out
14,408417,13,19,19,out
14,409329,13,18,18,out
14,410170,13,18,18,out
14,411013,13,18,18,out
14,411924,13,17,17,out
14,412766,12,16,16,out
14,413607,12,16,16,out
14,414519,12,16,16,out
14,415361,12,16,16,out
14,416201,12,16,16,out
14,417114,12,18,18,out
14,417955,12,18,18,out
14,418797,13,19,19,out
14,419709,13,19,21,out
14,420551,13,19,21,out
14,421392,13,19,21,out
14,422304,12,18,19,out
14,423146,12,18,19,out
14,423987,12,18,19,out
14,424899,13,19,20,out
14,425741,13,19,20,out
14,426583,13,19,20,out
14,427494,13,19,20,out
14,428335,12,18,19,out
14,429176,12,18,19,out
14,430089,12,18,20,out
14,430930,13,19,21,out
14,431771,13,19,21,out
14,432684,13,20,22,out
14,433525,13,20,22,out
14,434367,13,20,22,out
14,435278,13,20,23,out
14,436121,13,20,23,out
14,436962,12,19,22,out
14,437874,12,20,22,out
14,438716,12,20,22,out
14,439558,12,20,22,out
14,440469,13,21,23,out
14,441311,13,21,23,out
14,442152,13,21,23,out
14,443064,13,20,21,out
14,443906,13,20,21,out
14,444747,13,20,21,out
14,445659,14,21,22,out
14,446500,14,21,22,out
14,447342,14,21,22,out
14,448254,14,21,21,out
14,449095,13,20,20,out
14,449937,13,20,20,out
14,450848,12,20,20,out
14,451690,12,20,20,out
14,452532,12,20,20,out
14,453443,12,20,21,out
14,454284,12,20,21,out
14,455126,13,21,22,out
14,456037,13,21,21,out
14,456879,13,21,21,out
14,457721,12,20,20,out
14,458633,11,19,19,out
14,459474,11,19,19,out
14,460316,11,19,19,out
14,461228,11,19,19,out
14,462068,11,19,19,out
14,462910,11,19,19,out
14,463822,12,20,20,out
14,464663,12,20,20,out
14,465505,12,20,20,out
14,466417,11,18,18,out
14,467259,11,18,18,out
14,468101,11,18,18,out
14,469012,11,18,18,out
14,469854,12,19,19,out
14,470695,12,19,19,out
14,471607,12,18,19,out
14,472449,12,18,19,out
14,473290,12,18,19,out
14,474203,13,21,23,out
14,475114,13,21,22,out
14,476026,12,20,21,out
14,476939,12,21,23,out
14,477850,13,21,23,out
14,478763,14,23,24,out
14,479674,14,23,24,out
14,480585,13,22,23,out
14,481498,12,21,21,out
14,482409,12,20,21,out
14,483321,11,18,18,out
14,484233,11,17,17,out
14,485145,10,17,17,out
14,486056,11,16,16,out
14,486898,11,16,16,out
14,487810,11,18,18,out
14,488652,11,18,18,out
14,489493,11,18,18,out
14,490405,12,19,19,out
14,491246,12,19,19,out
14,492088,12,19,19,out
14,493000,12,19,19,out
14,493841,11,18,18,out
14,494683,11,18,18,out
14,495595,11,19,19,out
14,496436,11,19,19,out
14,497277,11,19,19,out
14,498189,11,19,19,out
14,499031,11,19,19,out
14,499871,11,19,19,out
14,500784,11,20,20,out
14,501624,11,20,20,out
14,502466,12,21,21,out
14,503378,13,21,22,out
14,504219,13,21,22,out
14,505061,13,21,22,out
14,505973,13,21,21,out
14,506814,13,21,21,out
14,507656,13,21,21,out
14,508568,14,22,22,out
14,509410,14,22,22,out
14,510251,14,22,22,out
14,511163,13,21,22,out
14,512005,13,21,22,out
14,512845,13,21,22,out
14,513758,12,19,20,out
14,514599,13,20,21,out
14,515440,13,20,21,out
14,516353,13,20,21,out
14,517194,13,20,21,out
14,518036,13,20,21,out
14,518947,13,20,21,out
14,519789,13,20,21,out
14,520631,12,19,20,out
14,521542,12,19,20,out
14,522384,12,19,20,out
14,523226,12,19,20,out
14,524138,12,19,20,out
14,524979,12,19,20,out
14,525820,12,19,20,out
14,526733,13,20,21,out
14,527575,13,20,21,out
14,528415,13,20,21,out
14,529328,13,21,22,out
14,530169,13,21,22,out
14,531010,13,21,22,out
14,531922,14,22,23,out
14,532764,14,22,23,out
14,533606,14,22,23,out
14,534517,13,22,23,out
14,535359,13,22,23,out
14,536200,13,22,23,out
14,537112,13,22,22,out
14,537954,12,21,21,out
14,538795,12,21,21,out
14,539707,12,20,22,out
14,540548,12,20,22,out
14,541389,13,21,23,out
14,542301,13,20,22,out
14,543142,13,20,22,out
14,543984,13,20,22,out
14,544896,13,19,21,out
14,545736,13,19,21,out
14,546578,13,19,21,out
14,547489,12,19,21,out
14,548331,12,19,21,out
14,549173,12,19,21,out
14,550084,12,19,21,out
14,550926,12,19,21,out
14,551767,12,19,21,out
14,552679,12,18,20,out
14,553521,12,18,20,out
14,554362,12,18,20,out
14,555274,12,18,20,out
14,556115,12,18,20,out
14,556957,12,18,20,out
14,557869,12,17,18,out
14,558710,12,17,18,out
14,559551,12,17,18,out
14,560463,11,16,17,out
14,561304,11,16,17,out
14,562146,11,16,17,out
14,563057,12,18,19,out
14,563970,13,19,20,out
14,564881,12,19,20,out
14,565793,12,20,21,out
14,566705,13,21,22,out
14,567617,13,21,23,out
14,568528,14,22,23,out
14,569441,14,22,24,out
14,570352,14,24,25,out
14,571265,15,26,28,out
14,572177,15,25,26,out
14,573088,14,24,25,out
14,574001,13,23,23,out
14,574841,13,23,23,out
14,575683,13,23,23,out
14,576595,13,23,23,out
14,577436,13,23,23,out
14,578278,13,23,23,out
14,579190,13,22,22,out
14,580031,14,23,23,out
14,580873,14,23,23,out
14,581784,14,23,23,out
14,582626,14,23,23,out
14,583468,14,23,23,out
14,584379,14,23,23,out
14,585290,14,23,23,out
14,586203,13,22,22,out
14,587114,12,20,20,out
14,588026,12,21,21,out
14,588938,12,21,21,out
14,589849,12,20,20,out
14,590760,12,20,20,out
14,591673,12,20,20,out
14,592584,12,20,20,out
14,593497,11,19,19,out
14,594409,11,19,19,out
14,595320,10,17,17,out
14,596161,10,17,17,out
14,597003,10,17,17,out
14,597914,9,17,17,out
14,598756,9,17,17,out
14,599598,9,17,17,out
14,600509,10,17,17,out
14,601351,10,17,17,out
14,602191,10,17,17,out
14,603104,10,18,18,out
14,603945,11,19,19,out
14,604786,11,19,19,out
14,605699,11,20,20,out
14,606539,11,20,20,out
14,607381,10,19,19,out
14,608294,11,20,20,out
14,609206,11,20,20,out
14,610117,12,22,22,out
14,611030,12,23,23,out
14,611941,12,23,23,out
14,612853,12,23,23,out
14,613766,12,23,23,out
14,614677,12,23,23,out
14,615589,12,23,23,out
14,616501,12,23,25,out
14,617413,12,22,24,out
14,618326,11,21,23,out
14,619237,12,21,22,out
14,620079,12,21,22,out
14,620919,12,21,22,out
14,621832,12,20,22,out
14,622672,12,20,22,out
14,623514,12,20,22,out
14,624425,12,20,22,out
14,625267,12,20,22,out
14,626109,12,20,22,out
14,627020,12,19,21,out
14,627862,12,19,21,out
14,628704,12,19,21,out
14,629615,12,19,21,out
14,630457,12,19,21,out
14,631298,12,19,21,out
14,632210,13,19,21,out
14,633053,13,19,21,out
14,633893,13,19,21,out
14,634806,13,19,21,out
14,635648,13,19,21,out
14,636488,13,19,21,out
14,637401,13,18,19,out
14,638241,13,18,19,out
14,639083,13,18,19,out
14,639994,13,18,19,out
14,640835,13,18,19,out
14,641676,13,18,19,out
14,642588,12,18,19,out
14,643430,12,18,19,out
14,644271,12,18,19,out
14,645183,13,18,20,out
14,646024,14,19,21,out
14,646865,14,19,21,out
14,647777,14,20,21,out
14,648619,14,20,21,out
14,649460,14,20,21,out
14,650372,14,21,21,out
14,651213,14,21,21,out
14,652055,14,21,21,out
14,652966,14,20,20,out
14,653807,14,20,20,out
18,161711,7,11,13,in
18,162632,7,12,12,in
18,163543,7,12,13,in
18,164383,7,12,13,in
18,165223,8,13,14,in
18,166133,8,13,13,in
18,166973,8,13,13,in
18,167814,7,12,12,in
18,168724,7,12,13,in
18,169565,7,12,13,in
18,170404,7,12,13,in
18,171315,8,13,14,in
18,172155,8,13,14,in
18,172995,8,13,14,in
18,173905,7,11,12,in
18,174745,7,11,12,in
18,175586,7,11,12,in
18,176496,7,11,12,in
18,177336,7,11,12,in
18,178176,7,11,12,in
18,179086,7,11,12,in
18,179927,8,12,13,in
18,180766,8,12,13,in
18,181677,9,13,15,in
18,182517,9,13,15,in
18,183357,9,13,15,in
18,184267,10,13,15,in
18,185108,10,13,15,in
18,185948,10,13,15,in
18,186858,9,13,14,in
18,187698,9,13,14,in
18,188538,9,13,14,in
18,189449,9,13,14,in
18,190288,9,13,14,in
18,191128,9,13,14,in
18,192038,9,12,13,in
18,192878,9,12,13,in
18,193719,9,12,13,in
18,194629,10,13,13,in
18,195469,10,13,13,in
18,196310,10,13,13,in
18,197219,10,12,13,in
18,198060,10,12,13,in
18,198899,10,12,13,in
18,199810,9,12,13,in
18,200649,9,12,13,in
18,201490,9,12,13,in
18,202400,9,13,13,in
18,203240,9,13,13,in
18,204081,9,13,13,in
18,204991,9,13,13,in
18,205831,9,13,13,in
18,206671,9,13,13,in
18,207582,9,13,13,in
18,208421,9,13,13,in
18,209262,9,13,13,in
18,210172,8,12,12,in
18,211012,8,12,12,in
18,211853,8,12,12,in
18,212763,7,11,11,in
18,213603,7,11,11,in
18,214444,7,11,11,in
18,215354,8,12,13,in
18,216194,8,12,13,in
18,217034,8,12,13,in
18,217945,9,13,14,in
18,218785,9,13,14,in
18,219625,9,13,14,in
18,220535,8,13,14,in
18,221376,8,13,14,in
18,222216,8,13,14,in
18,223126,9,13,14,in
18,223967,9,13,14,in
18,224806,9,13,14,in
18,225717,9,14,15,in
18,226556,9,14,15,in
18,227397,9,14,15,in
18,228307,9,14,15,in
18,229147,9,14,15,in
18,229988,9,14,15,in
18,230898,9,13,15,in
18,231738,9,13,15,in
18,232579,9,13,15,in
18,233489,7,11,13,in
18,234329,7,11,13,in
18,235169,7,11,13,in
18,236080,8,12,13,in
18,236919,8,12,13,in
18,237760,8,12,13,in
18,238670,8,11,13,in
18,239510,7,10,12,in
18,240351,7,10,12,in
18,241261,7,10,11,in
18,242101,7,10,11,in
18,242941,7,10,11,in
18,243852,6,9,10,in
18,244691,6,9,10,in
18,245532,7,10,11,in
18,246443,7,10,11,in
18,247283,7,10,11,in
18,248123,6,9,10,in
18,249033,6,9,10,in
18,249874,6,9,10,in
18,250714,6,9,10,in
18,251624,7,9,10,in
18,252465,7,9,10,in
18,253305,7,9,10,in
18,254216,8,11,11,in
18,255055,8,11,11,in
18,255896,8,11,11,in
18,256806,9,11,11,in
18,257647,9,11,11,in
18,258487,9,11,11,in
18,259397,9,12,12,in
18,260238,8,11,11,in
18,261078,8,11,11,in
18,261988,9,12,12,in
18,262829,9,12,12,in
18,263668,10,13,13,in
18,264579,10,13,13,in
18,265419,10,13,13,in
18,266259,10,13,13,in
18,267169,10,13,13,in
18,268010,10,13,13,in
18,268850,10,13,13,in
18,269760,10,13,13,in
18,270600,10,13,13,in
18,271440,10,13,13,in
18,272351,10,15,15,in
18,273261,10,16,16,in
18,274171,10,15,15,in
18,275082,9,16,16,in
18,275992,9,16,16,in
18,276902,9,16,16,in
18,277813,8,16,16,in
18,278723,7,16,16,in
18,279633,7,17,17,in
18,280544,8,18,18,in
18,281454,9,17,17,in
18,282364,9,17,17,in
18,283275,9,18,18,in
18,284115,8,17,17,in
18,284955,8,17,17,in
18,285867,8,17,17,in
18,286706,8,17,17,in
18,287546,8,17,17,in
18,288456,8,16,16,in
18,289297,8,16,16,in
18,290137,9,17,17,in
18,291047,9,17,17,in
18,291887,9,17,17,in
18,292727,9,17,17,in
18,293638,9,16,17,in
18,294477,9,16,17,in
18,295317,9,16,17,in
18,296227,9,16,17,in
18,297067,9,16,17,in
18,297908,9,16,17,in
18,298818,10,16,17,in
18,299658,10,16,17,in
18,300498,10,16,17,in
18,301409,10,16,16,in
18,302249,10,16,16,in
18,303089,10,16,16,in
18,304000,10,16,17,in
18,304839,10,16,17,in
18,305679,10,16,17,in
18,306589,10,15,16,in
18,307430,10,15,16,in
18,308270,10,15,16,in
18,309180,10,15,15,in
18,310020,10,15,15,in
18,310860,10,15,15,in
18,311771,10,15,15,in
18,312611,10,15,15,in
18,313451,10,15,15,in
18,314361,11,16,16,in
18,315202,11,16,16,in
18,316042,11,16,16,in
18,316952,11,17,17,in
18,317793,11,17,17,in
18,318632,11,17,17,in
18,319543,11,16,16,in
18,320382,11,16,16,in
18,321223,11,16,16,in
18,322134,12,17,17,in
18,322973,12,17,17,in
18,323814,12,17,17,in
18,324723,11,17,17,in
18,325635,11,16,16,in
18,326545,10,16,16,in
18,327455,10,17,17,in
18,328366,10,17,18,in
18,329276,10,17,19,in
18,330186,10,17,18,in
18,331097,10,17,19,in
18,332006,9,16,18,in
18,332916,8,15,16,in
18,333827,8,15,18,in
18,334738,8,17,19,in
18,335647,8,17,19,in
18,336488,8,17,19,in
18,337328,8,17,19,in
18,338238,8,17,19,in
18,339079,8,17,19,in
18,339918,8,17,19,in
18,340829,8,16,18,in
18,341668,8,16,18,in
18,342509,8,16,18,in
18,343419,7,15,16,in
18,344260,7,15,16,in
18,345100,7,15,16,in
18,346010,7,14,15,in
18,346851,8,15,16,in
18,347691,8,15,16,in
18,348601,8,15,15,in
18,349442,8,15,15,in
18,350281,8,15,15,in
18,351192,8,17,17,in
18,352102,9,17,17,in
18,353012,9,18,18,in
18,353924,9,16,16,in
18,354834,9,17,17,in
18,355744,9,17,17,in
18,356655,9,17,17,in
18,357565,9,17,17,in
18,358475,8,17,17,in
18,359386,9,17,18,in
18,360295,9,16,17,in
18,361206,9,16,17,in
18,362117,8,15,18,in
18,362957,8,15,18,in
18,363797,8,15,18,in
18,364707,8,16,18,in
18,365548,8,16,18,in
18,366388,8,16,18,in
18,367298,8,15,17,in
18,368139,8,15,17,in
18,368978,8,15,17,in
18,369889,8,15,16,in
18,370728,8,15,16,in
18,371569,8,15,16,in
18,372480,8,15,16,in
18,373319,8,15,16,in
18,374160,8,15,16,in
18,375070,8,14,15,in
18,375910,8,14,15,in
18,376750,8,14,15,in
18,377660,8,13,15,in
18,378501,8,13,15,in
18,379340,8,13,15,in
18,380251,8,14,15,in
18,381091,8,14,15,in
18,381931,8,14,15,in
18,382841,8,13,15,in
18,383681,8,13,15,in
18,384522,8,13,15,in
18,385432,8,13,15,in
18,386272,8,13,15,in
18,387111,8,13,15,in
18,388023,8,13,13,in
18,388862,8,13,13,in
18,389702,8,13,13,in
18,390612,7,12,12,in
18,391453,7,12,12,in
18,392293,7,12,12,in
18,393203,8,12,13,in
18,394044,8,12,13,in
18,394884,8,12,13,in
18,395794,8,13,13,in
18,396634,8,13,13,in
18,397474,8,13,13,in
18,398385,8,13,13,in
18,399224,8,13,13,in
18,400064,8,13,13,in
18,400974,9,13,14,in
18,401815,9,13,14,in
18,402655,9,13,14,in
18,403565,9,13,14,in
18,404405,9,13,14,in
18,405245,9,13,14,in
18,406156,9,13,14,in
18,406995,9,13,14,in
18,407836,9,13,14,in
18,408747,9,13,14,in
18,409586,9,13,14,in
18,410426,9,13,14,in
18,411337,10,13,14,in
18,412177,10,13,14,in
18,413018,10,13,14,in
18,413928,10,13,13,in
18,414768,10,13,13,in
18,415607,10,13,13,in
18,416518,11,14,14,in
18,417358,11,14,14,in
18,418198,11,14,14,in
18,419109,11,14,14,in
18,419949,11,14,14,in
18,420789,11,14,14,in
18,421699,11,15,15,in
18,422540,11,15,15,in
18,423379,11,15,15,in
18,424290,11,15,15,in
18,425131,11,15,15,in
18,425970,11,15,15,in
18,426881,10,14,14,in
18,427721,10,14,14,in
18,428561,10,14,14,in
18,429471,10,14,14,in
18,430312,11,15,15,in
18,431152,11,15,15,in
18,432062,11,15,15,in
18,432903,11,15,15,in
18,433742,11,15,15,in
18,434653,10,15,15,in
18,435492,10,15,15,in
18,436333,10,15,15,in
18,437242,9,14,14,in
18,438083,9,14,14,in
18,438923,9,14,14,in
18,439833,9,14,14,in
18,440674,9,14,14,in
18,441513,9,14,14,in
18,442424,9,14,14,in
18,443265,9,14,14,in
18,444104,9,14,14,in
18,445015,9,14,14,in
18,445855,9,14,14,in
18,446695,9,14,14,in
18,447605,8,14,14,in
18,448446,8,14,14,in
18,449286,8,14,14,in
18,450196,9,14,14,in
18,451036,9,14,14,in
18,451875,9,14,14,in
18,452786,8,13,13,in
18,453626,8,13,13,in
18,454466,8,13,13,in
18,455376,8,13,13,in
18,456217,8,13,13,in
18,457057,8,13,13,in
18,457967,8,13,13,in
18,458808,8,13,13,in
18,459648,8,13,13,in
18,460558,8,12,13,in
18,461399,8,12,13,in
18,462238,8,12,13,in
18,463149,9,13,13,in
18,463989,9,13,13,in
18,464829,9,13,13,in
18,465739,9,13,13,in
18,466579,9,13,13,in
18,467420,9,13,13,in
18,468329,8,12,13,in
18,469170,8,12,13,in
18,470009,8,12,13,in
18,470920,8,12,13,in
18,471759,8,12,13,in
18,472600,8,12,13,in
18,473510,8,12,13,in
18,474350,8,12,13,in
18,475190,8,12,13,in
18,476100,8,12,13,in
18,476941,8,12,13,in
18,477780,8,12,13,in
18,478691,8,13,14,in
18,479532,8,13,14,in
18,480371,8,13,14,in
18,481282,9,14,14,in
18,482121,9,14,14,in
18,482962,9,14,14,in
18,483872,9,13,14,in
18,484712,9,13,14,in
18,485553,9,13,14,in
18,486462,7,12,13,in
18,487303,7,12,13,in
18,488142,7,12,13,in
18,489053,7,13,13,in
18,489893,8,14,14,in
18,490733,8,14,14,in
18,491643,9,14,14,in
18,492483,9,14,14,in
18,493324,9,14,14,in
18,494234,9,14,14,in
18,495074,9,14,14,in
18,495913,9,14,14,in
18,496824,9,15,15,in
18,497665,9,15,15,in
18,498504,9,15,15,in
18,499415,9,16,16,in
18,500255,9,16,16,in
18,501095,9,16,16,in
18,502005,9,16,16,in
18,502845,9,16,16,in
18,503686,9,16,16,in
18,504596,8,15,15,in
18,505436,8,15,15,in
18,506276,8,15,15,in
18,507187,9,16,16,in
18,508026,9,16,16,in
18,508866,9,16,16,in
18,509776,9,17,17,in
18,510617,9,17,17,in
18,511457,9,17,17,in
18,512367,9,17,17,in
18,513208,9,17,17,in
18,514048,9,17,17,in
18,514958,9,16,16,in
18,515798,9,16,16,in
18,516638,9,16,16,in
18,517548,9,16,16,in
18,518388,9,16,16,in
18,519228,9,16,16,in
18,520138,8,16,16,in
18,520978,8,16,16,in
18,521818,8,16,16,in
18,522728,8,15,15,in
18,523568,8,15,15,in
18,524408,8,15,15,in
18,525318,8,13,13,in
18,526158,8,13,13,in
18,526998,8,13,13,in
18,527908,8,14,14,in
18,528749,8,14,14,in
18,529589,8,14,14,in
18,530499,8,14,14,in
18,531339,8,14,14,in
18,532179,8,14,14,in
18,533090,8,14,14,in
18,533929,8,14,14,in
18,534770,8,14,14,in
18,535681,8,13,13,in
18,536520,8,13,13,in
18,537361,8,13,13,in
18,538271,8,13,13,in
18,539111,8,13,13,in
18,539951,8,13,13,in
18,540861,8,13,13,in
18,541702,8,13,13,in
18,542541,8,13,13,in
18,543452,9,13,13,in
18,544292,9,13,13,in
18,545132,9,13,13,in
18,546042,8,12,12,in
18,546882,8,12,12,in
18,547723,8,12,12,in
18,548633,8,12,12,in
18,549473,9,13,13,in
18,550313,9,13,13,in
18,551223,9,14,14,in
18,552064,9,14,14,in
18,552903,9,14,14,in
18,553814,9,13,13,in
18,554654,9,13,13,in
18,555494,9,13,13,in
18,556404,8,13,13,in
18,557244,8,13,13,in
18,558085,8,13,13,in
18,558995,8,13,13,in
18,559835,8,13,13,in
18,560675,8,13,13,in
18,561586,8,13,13,in
18,562425,8,13,13,in
18,563265,8,13,13,in
18,564175,9,13,14,in
18,565016,9,13,14,in
18,565856,9,13,14,in
18,566767,9,14,14,in
18,567607,9,14,14,in
18,568448,9,14,14,in
18,569358,9,14,15,in
18,570198,9,14,15,in
18,571038,9,14,15,in
18,571949,9,15,17,in
18,572788,9,15,17,in
18,573629,8,14,16,in
18,574539,7,13,15,in
18,575379,7,13,15,in
18,576219,8,14,16,in
18,577129,9,15,17,in
18,577970,9,15,17,in
18,578809,9,15,17,in
18,579720,10,16,17,in
18,580560,10,16,17,in
18,581400,10,16,17,in
18,582310,10,16,17,in
18,583150,10,16,17,in
18,583991,10,16,17,in
18,584901,10,15,18,in
18,585741,10,15,18,in
18,586580,10,15,18,in
18,587491,10,15,17,in
18,588332,10,15,17,in
18,589172,10,15,17,in
18,590083,10,16,18,in
18,590993,10,16,18,in
18,591903,9,16,18,in
18,592814,9,15,17,in
18,593724,9,15,17,in
18,594634,8,15,17,in
18,595545,8,15,16,in
18,596455,8,15,17,in
18,597365,9,17,18,in
18,598276,9,17,19,in
18,599186,8,17,18,in
18,600096,8,16,18,in
18,601007,8,16,17,in
18,601846,8,16,17,in
18,602687,8,16,17,in
18,603597,8,15,16,in
18,604437,8,15,16,in
18,605277,8,15,16,in
18,606187,8,15,16,in
18,607028,8,15,16,in
18,607867,8,15,16,in
18,608778,8,14,15,in
18,609618,8,14,15,in
18,610458,8,14,15,in
18,611368,8,14,15,in
18,612208,8,14,15,in
18,613049,8,14,15,in
18,613959,8,15,16,in
18,614799,8,15,16,in
18,615640,8,15,16,in
18,616550,8,14,15,in
18,617390,8,14,15,in
18,618230,8,14,15,in
18,619141,9,15,16,in
18,619980,9,15,16,in
18,620821,9,15,16,in
18,621730,8,13,14,in
18,622571,8,13,14,in
18,623411,8,13,14,in
18,624321,8,13,14,in
18,625162,8,13,14,in
18,626001,8,13,14,in
18,626912,9,13,14,in
18,627752,9,13,14,in
18,628592,9,13,14,in
18,629502,8,13,13,in
18,630343,8,13,13,in
18,631183,8,13,13,in
18,632093,8,12,13,in
18,632934,9,13,14,in
18,633774,9,13,14,in
18,634684,9,14,14,in
18,635525,9,14,14,in
18,636364,9,14,14,in
18,637275,9,14,15,in
18,638115,9,14,15,in
18,638955,9,14,15,in
18,639865,9,13,14,in
18,640705,9,13,14,in
18,641546,9,13,14,in
18,642456,9,13,14,in
18,643296,9,13,14,in
18,644136,9,13,14,in
18,645047,9,13,14,in
18,645886,9,13,14,in
18,646727,9,13,14,in
18,647638,9,13,14,in
18,648477,9,13,14,in
18,649318,9,13,14,in
18,650228,9,14,14,in
18,651068,9,14,14,in
18,651909,9,14,14,in
18,652819,9,14,15,in
18,653659,9,14,15,in
18,654499,9,14,15,in
18,655410,9,14,15,in
18,656249,9,14,15,in
18,657090,9,14,15,in
18,658000,9,14,15,in
18,658840,9,14,15,in
18,659681,9,14,15,in
18,660591,8,14,15,in
18,661431,8,14,15,in
18,662272,8,14,15,in
18,663182,8,14,14,in
18,664022,8,14,14,in
18,664862,8,14,14,in
18,665773,8,14,14,in
18,666612,8,14,14,in
18,667452,8,14,14,in
18,668363,8,14,15,in
18,669203,8,14,15,in
18,670043,8,14,15,in
18,670953,8,14,15,in
18,671794,8,14,15,in
18,672633,8,14,15,in
18,673544,8,15,15,in
18,674384,8,15,15,in
18,675224,8,15,15,in
18,676134,9,15,16,in
18,676975,9,15,16,in
18,677815,9,15,16,in
18,678725,9,14,15,in
18,679565,9,14,15,in
18,680406,9,14,15,in
18,681316,8,14,15,in
18,682156,8,14,15,in
18,682995,8,14,15,in
18,683906,9,14,15,in
18,684746,9,14,15,in
18,685586,9,14,15,in
18,686497,9,14,15,in
18,687337,9,14,15,in
18,688177,9,14,15,in
18,689087,8,13,14,in
18,689928,8,13,14,in
18,690767,8,13,14,in
18,691678,8,13,14,in
18,692518,9,14,15,in
18,693358,9,14,15,in
18,694268,9,14,15,in
18,695108,9,14,15,in
18,695949,9,14,15,in
18,696859,9,14,14,in
18,697699,9,14,14,in
18,698540,9,14,14,in
18,699450,9,15,16,in
18,700290,9,15,16,in
18,701130,9,15,16,in
18,702040,8,14,14,in
18,702880,8,14,14,in
18,703720,8,14,14,in
18,704630,9,15,15,in
18,705471,9,15,15,in
18,706311,9,15,15,in
18,707221,10,16,16,in
18,708062,10,16,16,in
18,708901,10,16,16,in
18,709812,10,16,18,in
18,710651,10,16,18,in
18,711492,10,16,18,in
18,712402,10,15,17,in
18,713243,10,15,17,in
18,714083,10,15,17,in
18,714993,10,15,17,in
18,715834,10,15,17,in
18,716674,9,14,16,in
18,717584,9,14,16,in
18,718425,9,14,16,in
18,719264,10,15,17,in
18,720175,11,17,19,in
18,721015,11,17,19,in
18,721855,11,17,19,in
18,722765,10,16,18,in
18,723676,10,15,17,in
18,724586,9,15,17,in
18,725495,9,14,16,in
18,726406,8,14,16,in
18,727316,8,14,14,in
18,728226,8,14,14,in
18,729137,8,15,15,in
18,730047,7,14,14,in
18,730957,7,14,14,in
18,731868,7,14,14,in
18,732778,7,15,15,in
18,733688,8,16,16,in
18,734528,8,16,16,in
18,735369,8,16,16,in
18,736279,8,16,16,in
18,737119,8,16,16,in
18,737959,8,16,16,in
18,738870,8,15,15,in
18,739709,8,15,15,in
18,740550,8,15,15,in
18,741460,9,16,16,in
18,742300,9,16,16,in
18,743140,9,16,16,in
18,744051,9,16,17,in
18,744891,9,16,17,in
18,745731,9,16,17,in
18,746641,9,16,17,in
18,747482,9,16,17,in
18,748321,9,16,17,in
18,749232,9,16,17,in
18,750071,9,16,17,in
18,750912,9,16,17,in
18,751822,9,17,17,in
18,752663,9,17,17,in
18,753503,9,17,17,in
18,754413,10,17,17,in
18,755254,10,17,17,in
18,756093,10,17,17,in
18,757004,9,16,16,in
18,757844,9,16,16,in
18,758684,9,16,16,in
18,759595,9,15,15,in
18,760434,9,15,15,in
18,761275,9,15,15,in
18,762185,9,14,15,in
18,763025,9,14,15,in
18,763866,9,14,15,in
18,764776,9,15,16,in
18,563404,10,15,15,out
18,564631,11,24,26,out
18,565471,11,24,26,out
18,566382,11,23,24,out
18,567222,11,23,24,out
18,568062,11,23,24,out
18,568973,10,22,24,out
18,569812,10,22,24,out
18,570653,10,22,24,out
18,571564,11,23,24,out
18,572404,11,23,24,out
18,573244,11,23,24,out
18,574154,12,23,25,out
18,574994,12,23,25,out
18,575835,12,23,25,out
18,576745,12,24,26,out
18,577586,12,24,26,out
18,578425,12,24,26,out
18,579336,13,24,25,out
18,580176,13,24,25,out
18,581016,13,24,25,out
18,581927,13,23,26,out
18,582767,13,23,26,out
18,583608,13,23,26,out
18,584518,13,24,27,out
18,585359,13,24,27,out
18,586199,13,24,27,out
18,587110,13,24,27,out
18,587950,13,24,27,out
18,588790,13,24,27,out
18,589701,14,24,26,out
18,590541,14,24,26,out
18,591381,14,24,26,out
18,592291,14,24,26,out
18,593132,14,24,26,out
18,593972,14,24,26,out
18,594882,14,24,26,out
18,595723,14,24,26,out
18,596562,14,24,26,out
18,597473,14,23,26,out
18,598313,14,23,26,out
18,599153,14,23,26,out
18,600065,14,24,26,out
18,600904,14,24,26,out
18,601745,14,24,26,out
18,602655,13,23,26,out
18,603495,13,23,26,out
18,604335,13,23,26,out
18,605246,13,23,25,out
18,606086,13,23,25,out
18,606926,13,23,25,out
18,607837,12,21,23,out
18,608677,12,21,23,out
18,609517,12,21,23,out
18,610427,12,20,21,out
18,611268,12,20,21,out
18,612109,12,20,21,out
18,613019,12,20,21,out
18,613859,12,20,21,out
18,614700,12,20,21,out
18,615610,12,20,22,out
18,616451,12,20,22,out
18,617290,12,20,22,out
18,618201,11,20,22,out
18,619041,11,20,22,out
18,619881,11,20,22,out
18,620791,11,20,21,out
18,621632,11,20,21,out
18,622472,11,20,21,out
18,623382,11,19,20,out
18,624223,11,19,20,out
18,625062,11,19,20,out
18,625974,10,18,19,out
18,626813,10,18,19,out
18,627654,10,18,19,out
18,628564,11,18,20,out
18,629405,11,18,20,out
18,630245,11,18,20,out
18,631156,10,19,21,out
18,631996,10,19,21,out
18,632837,10,19,21,out
18,633747,11,20,22,out
18,634587,11,20,22,out
18,635427,11,20,22,out
18,636338,11,20,23,out
18,637177,11,20,23,out
18,638018,11,20,23,out
18,638928,11,22,24,out
18,639769,11,22,24,out
18,640609,11,22,24,out
18,641520,11,22,24,out
18,642360,11,22,24,out
18,643200,11,22,24,out
18,644111,11,22,24,out
18,644952,11,22,24,out
18,645791,11,22,24,out
18,646702,11,23,25,out
18,647542,12,24,26,out
18,648382,12,24,26,out
18,649292,12,24,25,out
18,650133,12,24,25,out
18,650973,12,24,25,out
18,651883,13,24,26,out
18,652724,13,24,26,out
18,653563,13,24,26,out
18,654474,13,24,25,out
18,655314,13,24,25,out
18,656154,13,24,25,out
18,657064,13,24,26,out
18,657905,13,24,26,out
18,658746,13,24,26,out
18,659656,14,24,25,out
18,660496,14,24,25,out
18,661337,14,24,25,out
18,662247,14,24,25,out
18,663087,14,24,25,out
18,663927,14,24,25,out
18,664838,14,23,24,out
18,665678,14,23,24,out
18,666518,14,23,24,out
18,667428,14,22,23,out
18,668269,14,22,23,out
18,669109,14,22,23,out
18,670020,14,23,24,out
18,670860,14,23,24,out
18,671700,14,23,24,out
18,672611,13,22,23,out
18,673520,13,22,23,out
18,674432,13,23,24,out
18,675342,12,23,24,out
18,676252,12,22,23,out
18,677163,12,22,23,out
18,678073,11,22,23,out
18,678984,12,23,23,out
18,679895,12,24,24,out
18,680806,12,23,24,out
18,681716,12,24,24,out
18,682627,12,24,24,out
18,683537,12,23,24,out
18,684378,12,23,24,out
18,685217,12,23,24,out
18,686129,12,23,24,out
18,686968,12,23,24,out
18,687809,12,23,24,out
18,688719,12,23,25,out
18,689559,12,23,25,out
18,690400,12,23,25,out
18,691310,12,23,24,out
18,692151,12,23,24,out
18,692990,12,23,24,out
18,693901,13,23,24,out
18,694742,13,23,24,out
18,695581,13,23,24,out
18,696492,12,22,23,out
18,697332,12,22,23,out
18,698173,12,22,23,out
18,699083,12,22,23,out
18,699923,12,22,23,out
18,700764,12,22,23,out
18,701674,11,22,23,out
18,702514,11,22,23,out
18,703354,11,22,23,out
18,704265,12,21,23,out
18,705105,12,21,23,out
18,705945,12,21,23,out
18,706856,13,22,24,out
18,707696,13,22,24,out
18,708536,13,22,24,out
18,709446,13,22,23,out
18,710287,13,22,23,out
18,711127,13,22,23,out
18,712037,12,21,22,out
18,712878,12,21,22,out
18,713717,12,21,22,out
18,714628,12,20,22,out
18,715468,12,20,22,out
18,716309,12,20,22,out
18,717219,12,19,21,out
18,718059,12,19,21,out
18,718900,12,19,21,out
18,719810,12,19,21,out
18,720651,12,19,21,out
18,721490,12,19,21,out
18,722401,12,19,21,out
18,723241,12,19,21,out
18,724081,12,19,21,out
18,724993,11,17,19,out
18,725832,11,17,19,out
18,726672,11,17,19,out
18,727583,12,17,19,out
18,728424,12,17,19,out
18,729264,12,17,19,out
18,730174,11,17,18,out
18,731015,11,17,18,out
18,731855,11,17,18,out
18,732766,10,16,18,out
18,733606,10,16,18,out
18,734446,10,16,18,out
18,735356,11,17,19,out
18,736197,11,17,19,out
18,737037,11,17,19,out
18,737948,11,17,19,out
18,738788,11,17,19,out
18,739629,11,17,19,out
18,740539,11,18,19,out
18,741380,11,18,19,out
18,742219,11,18,19,out
18,743131,11,18,19,out
18,743971,11,18,19,out
18,744811,11,18,19,out
18,745721,11,18,18,out
18,746562,11,18,18,out
18,747403,11,18,18,out
18,748313,11,18,18,out
18,749154,11,18,18,out
18,749993,11,18,18,out
18,750905,11,19,19,out
18,751745,11,19,19,out
18,752585,11,19,19,out
18,753496,11,19,19,out
18,754336,11,19,19,out
18,755176,11,19,19,out
18,756086,12,18,18,out
18,756927,12,18,18,out
18,757768,12,18,18,out
18,758678,12,19,19,out
18,759519,12,19,19,out
18,760358,12,19,19,out
18,761270,12,18,18,out
18,762109,12,18,18,out
18,762950,12,18,18,out
18,763860,12,18,18,out
18,764700,12,18,18,out
18,765541,12,18,18,out
18,766451,12,18,18,out
18,767292,12,18,18,out
18,768132,12,18,18,out
18,769042,12,19,19,out
18,769883,12,19,19,out
18,770723,12,19,19,out
18,771634,12,20,20,out
18,772473,12,20,20,out
18,773314,12,20,20,out
18,774224,12,21,21,out
18,775065,12,21,21,out
18,775905,12,21,21,out
18,776816,12,21,22,out
18,777657,12,21,22,out
18,778497,12,21,22,out
18,779408,12,21,22,out
18,780248,12,21,22,out
18,781088,12,21,22,out
18,781999,12,22,23,out
18,782839,12,22,23,out
18,783679,12,22,23,out
18,784590,12,23,23,out
18,785430,12,23,23,out
18,786271,12,23,23,out
18,787181,12,23,24,out
18,788022,12,23,24,out
18,788861,12,23,24,out
18,789772,12,24,24,out
18,790612,12,24,24,out
18,791452,12,24,24,out
18,792364,12,24,25,out
18,793203,12,24,25,out
18,794044,12,24,25,out
18,794954,13,24,24,out
18,795795,13,24,24,out
18,796635,13,24,24,out
18,797545,13,23,24,out
18,798386,13,23,24,out
18,799225,13,23,24,out
18,800136,13,23,24,out
18,800976,13,23,24,out
18,801817,13,23,24,out
18,802727,13,23,23,out
18,803567,13,23,23,out
18,804408,13,23,23,out
18,805318,13,23,23,out
18,806159,13,23,23,out
18,806999,13,23,23,out
18,807910,14,23,23,out
18,808750,14,23,23,out
18,809590,14,23,23,out
18,810501,14,23,24,out
18,811340,14,23,24,out
18,812181,14,23,24,out
18,813091,14,23,23,out
18,813932,14,23,23,out
18,814772,14,23,23,out
18,815682,13,22,23,out
18,816523,13,22,23,out
18,817362,13,22,23,out
18,818273,13,20,20,out
18,819113,13,20,20,out
18,819953,13,20,20,out
18,820864,12,19,20,out
18,821704,12,19,20,out
18,822544,12,19,20,out
18,823455,12,19,21,out
18,824295,12,19,21,out
18,825136,12,19,21,out
18,826046,12,19,20,out
18,826887,12,19,20,out
18,827727,12,19,20,out
18,828638,12,19,20,out
18,829478,12,19,21,out
18,830318,12,19,21,out
18,831229,12,21,22,out
18,832069,12,21,22,out
18,832910,12,21,22,out
18,833820,12,21,23,out
18,834661,12,21,23,out
18,835501,12,21,23,out
18,836412,12,21,22,out
18,837252,12,21,22,out
18,838092,12,21,22,out
18,839003,12,21,22,out
18,839842,12,21,22,out
18,840683,12,21,22,out
18,841593,12,21,22,out
18,842434,12,21,22,out
18,843274,12,21,22,out
18,844185,12,22,23,out
18,845025,12,22,23,out
18,845865,12,22,23,out
18,846776,12,21,22,out
18,847616,12,21,22,out
18,848456,12,21,22,out
18,849367,13,22,23,out
18,850207,13,23,24,out
18,851047,13,23,24,out
18,851957,13,22,23,out
18,852798,13,22,23,out
18,853638,13,22,23,out
18,854549,13,23,23,out
18,855389,13,23,23,out
18,856229,13,23,23,out
18,857140,12,22,23,out
18,857979,12,22,23,out
18,858820,12,22,23,out
18,859730,12,21,22,out
18,860571,12,21,22,out
18,861411,12,21,22,out
18,862322,13,21,22,out
18,863162,13,21,22,out
18,864002,13,21,22,out
18,864912,12,21,21,out
18,865753,12,21,21,out
18,866593,12,21,21,out
18,867504,12,21,21,out
18,868344,12,21,21,out
18,869184,12,21,21,out
18,870095,12,21,22,out
18,870935,12,21,22,out
18,871776,12,21,22,out
18,872686,12,23,23,out
18,873527,12,23,23,out
18,874366,12,23,23,out
18,875277,11,21,21,out
18,876188,12,21,21,out
18,877099,12,21,21,out
18,878009,13,22,22,out
18,878919,12,22,22,out
18,879831,13,22,22,out
18,880741,13,24,24,out
18,881651,13,25,25,out
18,882562,13,24,25,out
18,883473,13,25,25,out
18,884383,14,27,27,out
18,885294,13,27,27,out
18,886204,13,28,28,out
18,887045,13,28,28,out
18,887884,13,28,28,out
18,888796,13,27,27,out
18,889635,13,27,27,out
18,890476,13,27,27,out
18,891386,14,27,28,out
18,892227,14,27,28,out
18,893067,14,27,28,out
18,893977,13,26,26,out
18,894818,13,26,26,out
18,895659,13,26,26,out
18,896569,13,24,25,out
18,897410,13,24,25,out
18,898249,13,24,25,out
18,899161,14,25,25,out
18,900072,14,25,25,out
18,900982,14,24,25,out
18,901894,14,25,26,out
18,902804,14,26,26,out
18,903715,14,26,28,out
18,904626,14,27,29,out
18,905537,16,28,30,out
18,906447,15,28,30,out
18,907358,15,30,33,out
18,908268,13,29,31,out
18,909179,13,30,34,out
18,910091,13,30,33,out
18,911001,13,29,32,out
18,911842,13,29,32,out
18,912752,13,28,31,out
18,913593,13,28,31,out
18,914433,13,28,31,out
18,915344,13,28,29,out
18,916185,13,28,29,out
18,917024,13,28,29,out
18,917936,14,28,29,out
18,918775,14,28,29,out
18,919616,14,28,29,out
18,920526,13,26,27,out
18,921437,13,28,29,out
18,922348,13,28,30,out
18,923258,14,29,32,out
18,924170,13,28,31,out
18,925080,14,28,32,out
18,925990,13,28,31,out
18,926902,14,29,33,out
18,927812,13,28,32,out
18,928722,12,26,28,out
18,929634,12,27,29,out
18,930544,13,27,29,out
18,931456,12,26,27,out
18,932295,12,26,27,out
18,933136,12,26,27,out
18,934046,12,26,27,out
18,934958,13,26,28,out
18,935868,13,26,27,out
18,936778,13,26,27,out
18,937690,12,25,25,out
18,938600,12,25,27,out
18,939510,12,26,29,out
18,940421,12,27,31,out
18,941332,12,27,29,out
18,942243,13,28,33,out
18,943154,13,26,31,out
18,944065,12,26,32,out
18,944975,12,26,32,out
18,945816,12,26,32,out
18,946656,12,26,32,out
18,947567,13,27,33,out
18,948408,13,27,32,out
18,949248,13,27,32,out
18,950159,14,28,35,out
18,950999,14,28,35,out
18,951839,14,28,35,out
18,952750,14,28,34,out
18,953589,14,28,34,out
18,954430,14,28,34,out
18,955340,14,27,31,out
18,956181,14,27,31,out
18,957021,14,27,32,out
18,957932,16,29,33,out
18,958842,14,29,34,out
18,959754,14,29,33,out
18,960664,14,31,35,out
18,961575,14,31,35,out
18,962486,16,32,35,out
18,963397,15,32,36,out
18,964307,15,32,35,out
18,965219,15,31,34,out
18,966129,16,33,37,out
18,967040,15,32,35,out
18,967951,15,31,34,out
18,968861,16,32,34,out
18,969702,16,32,34,out
18,970542,16,32,34,out
18,971452,14,29,30,out
18,972293,15,30,31,out
18,973132,15,30,31,out
18,974044,15,28,30,out
18,974883,14,28,29,out
18,975724,14,28,29,out
18,976634,13,27,28,out
18,977475,13,27,28,out
18,978315,13,27,28,out
18,979226,13,25,26,out
18,980067,13,25,26,out
18,980907,13,25,26,out
18,981818,13,24,26,out
18,982658,13,24,26,out
18,983498,13,24,26,out
18,984410,13,25,27,out
18,985249,13,25,27,out
18,986090,13,25,27,out
18,987000,13,23,25,out
18,987841,13,23,25,out
18,988682,13,23,25,out
18,989592,14,23,26,out
18,990433,14,23,26,out
18,991273,14,23,26,out
18,992184,13,22,24,out
18,993024,13,22,24,out
18,993864,13,22,24,out
18,994775,13,22,24,out
18,995615,13,22,24,out
18,996456,13,22,24,out
18,997366,14,23,25,out
18,998207,14,23,25,out
18,999047,14,23,25,out
18,999958,14,24,27,out
18,1000798,14,24,27,out
18,1001638,14,24,27,out
18,1002549,13,24,25,out
18,1003389,13,24,25,out
18,1004229,13,24,25,out
18,1005140,14,24,26,out
18,1005980,14,24,26,out
18,1006821,14,24,26,out
18,1007731,14,24,26,out
18,1008571,14,24,26,out
18,1009412,14,24,26,out
18,1010322,14,25,26,out
18,1011163,15,26,27,out
18,1012002,15,26,27,out
18,1012914,15,27,28,out
18,1013753,14,26,27,out
18,1014594,14,26,27,out
18,1015504,14,26,27,out
18,1016345,14,26,27,out
18,1017185,14,26,27,out
18,1018096,14,27,27,out
18,1018936,14,27,27,out
18,1019776,14,27,27,out
18,1020687,14,26,26,out
18,1021527,14,26,26,out
18,1022367,14,26,26,out
18,1023278,14,24,25,out
18,1024118,14,24,25,out
18,1024958,14,24,25,out
18,1025869,14,24,24,out
18,1026709,14,24,24,out
18,1027550,14,24,24,out
18,1028460,14,24,25,out
18,1029301,14,24,25,out
18,1030140,14,24,25,out
18,1031052,14,25,26,out
18,1031891,14,25,26,out
18,1032732,14,25,26,out
18,1033644,16,25,27,out
18,1034483,16,25,27,out
18,1035324,16,25,27,out
18,1036234,16,24,25,out
18,1037075,16,24,25,out
18,1037915,16,24,25,out
18,1038826,16,25,26,out
18,1039666,16,25,26,out
18,1040506,16,25,26,out
18,1041417,16,26,27,out
18,1042257,16,26,27,out
18,1043097,16,26,27,out
18,1044008,17,26,27,out
18,1044848,17,26,27,out
18,1045689,17,26,27,out
18,1046599,16,27,31,out
18,1047440,16,27,31,out
18,1048280,16,27,31,out
18,1049191,16,28,31,out
18,1050032,16,28,31,out
18,1050871,16,28,31,out
18,1051783,17,29,34,out
18,1052623,17,29,34,out
18,1053463,17,29,34,out
18,1054374,17,29,34,out
18,1055214,17,29,34,out
18,1056055,17,29,34,out
18,1056965,17,31,34,out
18,1057806,17,31,34,out
18,1058647,17,31,34,out
18,1059557,17,31,34,out
18,1060398,17,31,34,out
18,1061237,17,31,34,out
18,1062148,17,29,33,out
18,1062988,17,29,33,out
18,1063829,17,29,33,out
18,1064739,16,28,32,out
18,1065579,16,28,32,out
18,1066420,16,28,32,out
18,1067330,15,27,30,out
18,1068171,15,27,30,out
18,1069010,15,27,30,out
18,1069922,15,27,30,out
18,1070763,16,28,31,out
18,1071602,16,28,31,out
18,1072513,16,27,29,out
18,1073353,16,26,28,out
18,1074193,16,26,28,out
18,1075104,16,26,28,out
18,1075944,16,26,28,out
18,1076785,16,26,28,out
18,1077695,14,25,25,out
18,1078536,14,25,25,out
18,1079375,14,25,25,out
18,1080287,14,25,25,out
18,1081126,14,25,25,out
18,1081967,14,25,25,out
18,1082877,14,24,24,out
18,1083718,14,24,24,out
18,1084559,14,24,24,out
18,1085469,16,26,26,out
18,1086381,16,27,28,out
18,1087291,17,28,29,out
18,1088202,15,29,30,out
18,1089113,15,30,31,out
18,1090024,15,30,32,out
18,1090934,15,31,32,out
18,1091846,17,32,36,out
18,1092757,16,33,37,out
18,1093667,16,33,36,out
18,1094579,16,32,34,out
18,1095489,15,31,33,out
18,1096400,15,31,32,out
18,1097240,15,31,32,out
18,1098081,15,31,32,out
18,1098991,15,29,30,out
18,1099832,15,29,30,out
18,1100673,14,28,29,out
18,1101583,14,27,28,out
18,1102423,14,27,28,out
18,1103263,14,27,28,out
18,1104174,14,27,27,out
18,1105014,14,27,27,out
18,1105855,14,27,27,out
18,1106765,13,27,27,out
18,1107606,13,27,27,out
18,1108447,13,27,27,out
18,1109357,13,25,25,out
18,1110198,13,25,25,out
18,1111037,13,25,25,out
18,1111949,13,25,25,out
18,1112788,13,25,25,out
18,1113629,13,25,25,out
18,1114541,13,26,26,out
18,1115380,13,26,26,out
18,1116221,13,26,26,out
18,1117131,13,24,24,out
18,1117972,13,24,24,out
18,1118813,13,24,24,out
18,1119723,14,25,26,out
18,1120564,14,25,26,out
18,1121403,14,25,26,out
18,1122315,14,26,27,out
18,1123154,14,26,27,out
18,1123995,14,26,27,out
18,1124907,14,26,27,out
18,1125746,14,26,27,out
18,1126587,14,26,27,out
18,1127497,14,27,28,out
18,1128338,14,27,28,out
18,1129178,14,27,28,out
18,1130089,16,28,29,out
18,1130929,16,28,29,out
18,1131769,16,28,29,out
18,1132680,16,28,29,out
18,1133520,16,28,30,out
18,1134361,16,28,30,out
18,1135271,16,30,31,out
18,1136112,16,29,31,out
18,1136952,16,29,31,out
18,1137862,17,28,29,out
18,1138703,17,28,29,out
18,1139543,17,28,29,out
18,1140454,17,28,29,out
18,1141294,17,28,29,out
18,1142134,17,28,29,out
18,1143045,17,28,29,out
18,1143885,17,28,29,out
18,1144726,17,28,29,out
18,1145636,17,28,29,out
18,1146477,17,28,29,out
18,1147317,17,28,29,out
18,1148228,17,29,29,out
18,1149069,17,29,29,out
18,1149908,17,29,29,out
18,1150820,17,29,31,out
18,1151660,17,29,31,out
18,1152500,17,29,31,out
18,1153411,16,29,31,out
18,1154251,16,29,31,out
18,1155091,16,29,31,out
18,1156002,16,29,31,out
18,1156842,16,29,30,out
18,1157683,16,29,30,out
18,1158593,16,28,30,out
18,1159434,16,28,30,out
18,1160273,16,28,30,out
18,1161185,16,27,32,out
18,1162024,16,27,32,out
18,1162865,16,27,32,out
18,1163776,14,28,33,out
18,1164616,14,28,33,out
18,1165456,14,28,33,out
18,1166367,14,27,32,out
14,6606,0,0,0,in
14,8180,0,0,0,in
14,9022,0,0,0,in
14,9864,0,0,0,in
14,10775,0,0,0,in
14,11617,0,0,0,in
14,12457,0,0,0,in
14,13369,0,0,0,in
14,14211,0,0,0,in
14,15052,0,0,0,in
14,15964,0,0,0,in
14,16805,0,0,0,in
14,17647,0,0,0,in
14,18558,0,0,0,in
14,19400,0,0,0,in
14,20241,0,0,0,in
14,21152,0,0,0,in
14,21994,0,0,0,in
14,22836,0,0,0,in
14,23747,0,0,0,in
14,24588,0,0,0,in
14,25430,0,0,0,in
14,26341,0,0,0,in
14,27183,0,0,0,in
14,28024,0,0,0,in
14,28935,0,0,0,in
14,29776,0,0,0,in
14,30619,0,0,0,in
14,31529,0,0,0,in
14,32370,0,0,0,in
14,33212,0,0,0,in
14,34123,0,0,0,in
14,34964,0,0,0,in
14,35806,0,0,0,in
14,36717,0,0,0,in
14,37559,0,0,0,in
14,38400,0,0,0,in
14,39311,0,0,0,in
14,40153,0,0,0,in
14,40994,0,0,0,in
14,41906,0,0,0,in
14,42746,0,0,0,in
14,43588,0,0,0,in
14,44499,0,0,0,in
14,45341,0,0,0,in
14,46182,0,0,0,in
14,47093,0,0,0,in
14,47935,0,0,0,in
14,48777,0,0,0,in
14,49688,0,0,0,in
14,50530,0,0,0,in
14,51371,0,0,0,in
14,52282,0,0,0,in
14,53124,0,0,0,in
14,53965,0,0,0,in
14,54878,0,0,0,in
14,55718,0,0,0,in
14,56560,0,0,0,in
14,57472,0,0,0,in
14,58312,0,0,0,in
14,59154,0,0,0,in
14,60065,0,0,0,in
14,60907,0,0,0,in
14,61748,0,0,0,in
14,62660,0,0,0,in
14,63501,0,0,0,in
14,64343,0,0,0,in
14,65254,0,0,0,in
14,66096,0,0,0,in
14,66937,0,0,0,in
14,67848,0,0,0,in
14,68689,0,0,0,in
14,69531,0,0,0,in
14,70443,0,0,0,in
14,71284,0,0,0,in
14,72126,0,0,0,in
14,73037,0,0,0,in
14,73878,0,0,0,in
14,74720,0,0,0,in
14,75631,0,0,0,in
14,76473,0,0,0,in
14,77314,0,0,0,in
14,78225,0,0,0,in
14,79068,0,0,0,in
14,79908,0,0,0,in
14,80820,0,0,0,in
14,81661,0,0,0,in
14,82503,0,0,0,in
14,83414,0,0,0,in
14,84255,0,0,0,in
14,85098,0,0,0,in
14,86008,0,0,0,in
14,86850,0,0,0,in
14,87692,0,0,0,in
14,88602,0,0,0,in
14,89444,0,0,0,in
14,90286,0,0,0,in
14,91197,0,0,0,in
14,92039,0,0,0,in
14,92879,0,0,0,in
14,93791,0,0,0,in
14,94632,0,0,0,in
14,95474,0,0,0,in
14,96386,0,0,0,in
14,97227,0,0,0,in
14,98068,0,0,0,in
14,98979,0,0,0,in
14,99821,0,0,0,in
14,100663,0,0,0,in
14,101574,0,0,0,in
14,102415,0,0,0,in
14,103257,0,0,0,in
14,104169,0,0,0,in
14,105010,0,0,0,in
14,105851,0,0,0,in
14,106763,0,0,0,in
14,107604,0,0,0,in
14,108445,0,0,0,in
14,109358,0,0,0,in
14,110198,0,0,0,in
14,111040,0,0,0,in
14,111952,0,0,0,in
14,112793,0,0,0,in
14,113634,0,0,0,in
14,114545,0,0,0,in
14,115387,0,0,0,in
14,116229,0,0,0,in
14,117141,0,0,0,in
14,117981,0,0,0,in
14,118822,0,0,0,in
14,119734,0,0,0,in
14,120576,0,0,0,in
14,121416,0,0,0,in
14,122328,0,0,0,in
14,123169,0,0,0,in
14,124011,0,0,0,in
14,124922,0,0,0,in
14,125764,0,0,0,in
14,126605,0,0,0,in
14,127516,0,0,0,in
14,128359,0,0,0,in
14,129199,0,0,0,in
14,130110,0,0,0,in
14,130952,0,0,0,in
14,131793,0,0,0,in
14,132705,0,0,0,in
14,133545,0,0,0,in
14,134387,0,0,0,in
14,135299,0,0,0,in
14,136140,0,0,0,in
14,136981,0,0,0,in
14,137892,0,0,0,in
14,138734,0,0,0,in
14,139576,0,0,0,in
14,140487,0,0,0,in
14,141328,0,0,0,in
14,142170,0,0,0,in
14,143081,0,0,0,in
14,143923,0,0,0,in
14,144763,0,0,0,in
14,145675,0,0,0,in
14,146516,0,0,0,in
14,147358,0,0,0,in
14,148270,0,0,0,in
14,149110,0,0,0,in
14,149952,0,0,0,in
14,150863,0,0,0,in
14,151705,0,0,0,in
14,152547,0,0,0,in
14,153457,0,0,0,in
14,154299,0,0,0,in
14,155141,0,0,0,in
14,156052,0,0,0,in
14,156893,0,0,0,in
14,157734,0,0,0,in
14,158646,0,0,0,in
14,159488,0,0,0,in
14,160328,0,0,0,in
14,161240,0,0,0,in
14,162081,0,0,0,in
14,162923,0,0,0,in
14,163834,0,0,0,in
14,164675,0,0,0,in
14,165517,0,0,0,in
14,166428,0,0,0,in
14,167270,0,0,0,in
14,168112,0,0,0,in
14,169023,0,0,0,in
14,169864,0,0,0,in
14,170705,0,0,0,in
14,171617,0,0,0,in
14,172459,0,0,0,in
14,173299,0,0,0,in
14,174211,0,0,0,in
14,175052,0,0,0,in
14,175893,0,0,0,in
14,176806,0,0,0,in
14,177646,0,0,0,in
14,178488,0,0,0,in
14,179399,0,0,0,in
14,180241,0,0,0,in
14,181082,0,0,0,in
14,181993,0,0,0,in
14,182835,0,0,0,in
14,183675,0,0,0,in
14,184587,0,0,0,in
14,185428,0,0,0,in
14,186270,0,0,0,in
14,187182,0,0,0,in
14,188022,0,0,0,in
14,188864,0,0,0,in
14,189775,0,0,0,in
14,190616,0,0,0,in
14,191458,0,0,0,in
14,192369,0,0,0,in
14,193211,0,0,0,in
14,194052,0,0,0,in
14,194963,0,0,0,in
14,195805,0,0,0,in
14,196645,0,0,0,in
14,197557,0,0,0,in
14,198398,0,0,0,in
14,199240,0,0,0,in
14,200152,0,0,0,in
14,200993,0,0,0,in
14,201834,0,0,0,in
14,202745,0,0,0,in
14,203587,0,0,0,in
14,204428,0,0,0,in
14,205339,0,0,0,in
14,206181,0,0,0,in
14,207022,0,0,0,in
14,207934,0,0,0,in
14,208775,0,0,0,in
14,209616,0,0,0,in
14,210528,0,0,0,in
14,211368,0,0,0,in
14,212210,0,0,0,in
14,213122,0,0,0,in
14,213963,0,0,0,in
14,214805,0,0,0,in
14,215715,0,0,0,in
14,216557,0,0,0,in
14,217398,0,0,0,in
14,218309,0,0,0,in
14,219152,0,0,0,in
14,219993,0,0,0,in
14,220904,0,0,0,in
14,221745,0,0,0,in
14,222586,0,0,0,in
14,223499,0,0,0,in
14,224339,0,0,0,in
14,225181,0,0,0,in
14,226092,0,0,0,in
14,226933,0,0,0,in
14,227775,0,0,0,in
14,228686,0,0,0,in
14,229527,0,0,0,in
14,230369,0,0,0,in
14,231280,0,0,0,in
14,232121,0,0,0,in
14,232963,0,0,0,in
14,233874,0,0,0,in
14,234716,0,0,0,in
14,235556,0,0,0,in
14,236468,0,0,0,in
14,237309,0,0,0,in
14,238151,0,0,0,in
14,239062,0,0,0,in
14,239903,0,0,0,in
14,240745,0,0,0,in
14,241655,0,0,0,in
14,242497,0,0,0,in
14,243339,0,0,0,in
14,244250,0,0,0,in
14,245091,0,0,0,in
14,245933,0,0,0,in
14,246844,0,0,0,in
14,247685,0,0,0,in
14,248526,0,0,0,in
14,249438,0,0,0,in
14,250280,0,0,0,in
14,251121,0,0,0,in
14,252033,0,0,0,in
14,252874,0,0,0,in
14,253715,0,0,0,in
14,254626,0,0,0,in
14,255468,0,0,0,in
14,256309,0,0,0,in
14,257220,0,0,0,in
14,258062,0,0,0,in
14,258903,0,0,0,in
14,259815,0,0,0,in
14,260656,0,0,0,in
14,261497,0,0,0,in
14,262409,0,0,0,in
14,263250,0,0,0,in
14,264092,0,0,0,in
14,265004,0,0,0,in
14,265844,0,0,0,in
14,266686,0,0,0,in
14,267596,0,0,0,in
14,268438,0,0,0,in
14,269280,0,0,0,in
14,270191,0,0,0,in
14,271032,0,0,0,in
14,271874,0,0,0,in
14,272785,0,0,0,in
14,273627,0,0,0,in
14,274468,0,0,0,in
14,275379,0,0,0,in
14,276221,0,0,0,in
14,277062,0,0,0,in
14,277974,0,0,0,in
14,278814,0,0,0,in
14,279656,0,0,0,in
14,280567,0,0,0,in
14,281409,0,0,0,in
14,282250,0,0,0,in
14,283161,0,0,0,in
14,284003,0,0,0,in
14,284845,0,0,0,in
14,285755,0,0,0,in
14,286597,0,0,0,in
14,287438,0,0,0,in
14,288350,0,0,0,in
14,289191,0,0,0,in
14,290032,0,0,0,in
14,290944,0,0,0,in
14,291785,0,0,0,in
14,292626,0,0,0,in
14,293537,0,0,0,in
14,294379,0,0,0,in
14,295220,0,0,0,in
14,296131,0,0,0,in
14,296973,0,0,0,in
14,297815,0,0,0,in
14,298726,0,0,0,in
14,299568,0,0,0,in
14,300408,0,0,0,in
14,301320,0,0,0,in
14,302161,0,0,0,in
14,303002,0,0,0,in
14,303913,0,0,0,in
14,304755,0,0,0,in
14,305596,0,0,0,in
14,306507,0,0,0,in
14,307349,0,0,0,in
14,308190,0,0,0,in
14,309101,0,0,0,in
14,309943,0,0,0,in
14,310785,0,0,0,in
14,311695,0,0,0,in
14,312537,0,0,0,in
14,313377,0,0,0,in
14,314289,0,0,0,in
14,315130,0,0,0,in
14,315971,0,0,0,in
14,316882,0,0,0,in
14,317723,0,0,0,in
14,318565,0,0,0,in
14,319476,0,0,0,in
14,320317,0,0,0,in
14,321159,0,0,0,in
14,322070,0,0,0,in
14,322911,0,0,0,in
14,323753,0,0,0,in
14,324664,0,0,0,in
14,325505,0,0,0,in
14,326346,0,0,0,in
14,327258,0,0,0,in
14,328099,0,0,0,in
14,328940,0,0,0,in
14,329851,0,0,0,in
14,330692,0,0,0,in
14,331534,0,0,0,in
14,332445,0,0,0,in
14,333287,0,0,0,in
14,334128,0,0,0,in
14,335039,0,0,0,in
14,335880,0,0,0,in
14,336721,0,0,0,in
14,337633,0,0,0,in
14,338475,0,0,0,in
14,339315,0,0,0,in
14,340227,0,0,0,in
14,341068,0,0,0,in
14,341910,0,0,0,in
14,342821,0,0,0,in
14,343662,0,0,0,in
14,344504,0,0,0,in
14,345415,0,0,0,in
14,346256,0,0,0,in
14,347098,0,0,0,in
14,348010,0,0,0,in
14,348851,0,0,0,in
14,349691,0,0,0,in
14,350603,0,0,0,in
14,351444,0,0,0,in
14,352286,0,0,0,in
14,353197,0,0,0,in
14,354038,0,0,0,in
14,354880,0,0,0,in
14,355791,0,0,0,in
14,356632,0,0,0,in
14,357474,0,0,0,in
14,358385,0,0,0,in
14,359227,0,0,0,in
14,360068,0,0,0,in
14,360979,0,0,0,in
14,361821,0,0,0,in
14,362662,0,0,0,in
14,363574,0,0,0,in
14,364416,0,0,0,in
14,365256,0,0,0,in
14,366168,0,0,0,in
14,367009,0,0,0,in
14,367850,0,0,0,in
14,368761,0,0,0,in
14,369603,0,0,0,in
14,370445,0,0,0,in
14,371355,0,0,0,in
14,372198,0,0,0,in
14,373039,0,0,0,in
14,373950,0,0,0,in
14,374791,0,0,0,in
14,375632,0,0,0,in
14,376544,0,0,0,in
14,377385,0,0,0,in
14,378226,0,0,0,in
14,379138,0,0,0,in
14,379979,0,0,0,in
14,380820,0,0,0,in
14,381731,0,0,0,in
14,382573,0,0,0,in
14,383415,0,0,0,in
14,384325,0,0,0,in
14,385167,0,0,0,in
14,386009,0,0,0,in
14,386920,0,0,0,in
14,387761,0,0,0,in
14,388602,0,0,0,in
14,389513,0,0,0,in
14,390354,0,0,0,in
14,391196,0,0,0,in
14,392108,0,0,0,in
14,392948,0,0,0,in
14,393790,0,0,0,in
14,394701,0,0,0,in
14,395543,0,0,0,in
14,396385,0,0,0,in
14,397295,0,0,0,in
14,398137,0,0,0,in
14,398978,0,0,0,in
14,399889,0,0,0,in
14,400731,0,0,0,in
14,401572,0,0,0,in
14,402484,0,0,0,in
14,403324,0,0,0,in
14,404166,0,0,0,in
14,405078,0,0,0,in
14,405919,0,0,0,in
14,406760,0,0,0,in
14,407671,0,0,0,in
14,408513,0,0,0,in
14,409354,0,0,0,in
14,410265,0,0,0,in
14,411107,0,0,0,in
14,411949,0,0,0,in
14,412859,0,0,0,in
14,413701,0,0,0,in
14,414542,0,0,0,in
14,415454,0,0,0,in
14,416295,0,0,0,in
14,417136,0,0,0,in
14,418048,0,0,0,in
14,418888,0,0,0,in
14,419730,0,0,0,in
14,420642,0,0,0,in
14,421483,0,0,0,in
14,422325,0,0,0,in
14,423236,0,0,0,in
14,424077,0,0,0,in
14,424919,0,0,0,in
14,425830,0,0,0,in
14,426672,0,0,0,in
14,427512,0,0,0,in
14,428424,0,0,0,in
14,429265,0,0,0,in
14,430107,0,0,0,in
14,431017,0,0,0,in
14,431859,0,0,0,in
14,432701,0,0,0,in
14,433612,0,0,0,in
14,434453,0,0,0,in
14,435294,0,0,0,in
14,436205,0,0,0,in
14,437047,0,0,0,in
14,437889,0,0,0,in
14,438800,0,0,0,in
14,439641,0,0,0,in
14,440482,0,0,0,in
14,441394,0,0,0,in
14,442235,0,0,0,in
14,443076,0,0,0,in
14,443987,0,0,0,in
14,444830,0,0,0,in
14,445670,0,0,0,in
14,446581,0,0,0,in
14,447423,0,0,0,in
14,448265,0,0,0,in
14,449176,0,0,0,in
14,450017,0,0,0,in
14,450859,0,0,0,in
14,451770,0,0,0,in
14,452612,0,0,0,in
14,453453,0,0,0,in
14,454364,0,0,0,in
14,455205,0,0,0,in
14,456047,0,0,0,in
14,456958,0,0,0,in
14,457799,0,0,0,in
14,458641,0,0,0,in
14,459552,0,0,0,in
14,460394,0,0,0,in
14,461235,0,0,0,in
14,462146,0,0,0,in
14,462988,0,0,0,in
14,463830,0,0,0,in
14,464741,0,0,0,in
14,465582,0,0,0,in
14,466423,0,0,0,in
14,467335,0,0,0,in
14,468175,0,0,0,in
14,469017,0,0,0,in
14,469928,0,0,0,in
14,470769,0,0,0,in
14,471612,0,0,0,in
14,472522,0,0,0,in
14,473363,0,0,0,in
14,474205,0,0,0,in
14,475116,0,0,0,in
14,475957,0,0,0,in
14,476798,0,0,0,in
14,477710,0,0,0,in
14,478551,0,0,0,in
14,479392,0,0,0,in
14,480304,0,0,0,in
14,481144,0,0,0,in
14,481986,0,0,0,in
14,482896,0,0,0,in
14,483738,0,0,0,in
14,484580,0,0,0,in
14,485491,0,0,0,in
14,486332,0,0,0,in
14,487174,0,0,0,in
14,488085,0,0,0,in
14,488927,0,0,0,in
14,489767,0,0,0,in
14,490679,0,0,0,in
14,491521,0,0,0,in
14,492362,0,0,0,in
14,493274,0,0,0,in
14,494115,0,0,0,in
14,494956,0,0,0,in
14,495867,0,0,0,in
14,496708,0,0,0,in
14,497550,0,0,0,in
14,498461,0,0,0,in
14,499303,0,0,0,in
14,500145,0,0,0,in
14,501055,0,0,0,in
14,501897,0,0,0,in
14,502738,0,0,0,in
14,503650,0,0,0,in
14,504491,0,0,0,in
14,505332,0,0,0,in
14,506244,0,0,0,in
14,507085,0,0,0,in
14,507926,0,0,0,in
14,508838,0,0,0,in
14,509679,0,0,0,in
14,510521,0,0,0,in
14,511432,0,0,0,in
14,512274,0,0,0,in
14,513115,0,0,0,in
14,514026,0,0,0,in
14,514868,0,0,0,in
14,515709,0,0,0,in
14,516621,0,0,0,in
14,517463,0,0,0,in
14,518304,0,0,0,in
14,519215,0,0,0,in
14,520056,0,0,0,in
14,520898,0,0,0,in
14,521809,0,0,0,in
14,522651,0,0,0,in
14,523493,0,0,0,in
14,524403,0,0,0,in
14,525245,0,0,0,in
14,526086,0,0,0,in
14,526998,0,0,0,in
14,527839,0,0,0,in
14,528680,0,0,0,in
14,529592,0,0,0,in
14,530434,0,0,0,in
14,531275,0,0,0,in
14,532186,0,0,0,in
14,533027,0,0,0,in
14,533869,0,0,0,in
14,534780,0,0,0,in
14,535621,0,0,0,in
14,536463,0,0,0,in
14,537374,0,0,0,in
14,538216,0,0,0,in
14,539057,0,0,0,in
14,539968,0,0,0,in
14,540810,0,0,0,in
14,541651,0,0,0,in
14,542563,0,0,0,in
14,543405,0,0,0,in
14,544244,0,0,0,in
14,545156,0,0,0,in
14,545997,0,0,0,in
14,546839,0,0,0,in
14,547750,0,0,0,in
14,548591,0,0,0,in
14,549433,0,0,0,in
14,550344,0,0,0,in
14,551186,0,0,0,in
14,552027,0,0,0,in
14,552938,0,0,0,in
14,553781,0,0,0,in
14,554621,0,0,0,in
14,555533,0,0,0,in
14,556375,0,0,0,in
14,557215,0,0,0,in
14,558127,0,0,0,in
14,558968,0,0,0,in
14,559809,0,0,0,in
14,560720,0,0,0,in
14,561562,0,0,0,in
14,562404,0,0,0,in
14,563314,0,0,0,in
14,564156,0,0,0,in
14,564998,0,0,0,in
14,565909,0,0,0,in
14,566750,0,0,0,in
14,567592,0,0,0,in
14,568502,0,0,0,in
14,569344,0,0,0,in
14,570185,0,0,0,in
14,571096,0,0,0,in
14,571937,0,0,0,in
14,572778,0,0,0,in
14,573689,0,0,0,in
14,574531,0,0,0,in
14,575373,0,0,0,in
14,576284,0,0,0,in
14,577125,0,0,0,in
14,577967,0,0,0,in
14,578878,0,0,0,in
14,579720,0,0,0,in
14,580560,0,0,0,in
14,581472,0,0,0,in
14,582313,0,0,0,in
14,583155,0,0,0,in
14,584067,0,0,0,in
14,584907,0,0,0,in
14,585749,0,0,0,in
14,586660,0,0,0,in
14,587502,0,0,0,in
14,588343,0,0,0,in
14,589254,0,0,0,in
14,590096,0,0,0,in
14,590937,0,0,0,in
14,591849,0,0,0,in
14,592690,0,0,0,in
14,593530,0,0,0,in
14,594442,0,0,0,in
14,595283,0,0,0,in
14,596124,0,0,0,in
14,597036,0,0,0,in
14,597877,0,0,0,in
14,598718,0,0,0,in
14,599629,0,0,0,in
14,600471,0,0,0,in
14,601313,0,0,0,in
14,602224,0,0,0,in
14,603065,0,0,0,in
14,603907,0,0,0,in
14,604818,0,0,0,in
14,605659,0,0,0,in
14,606500,0,0,0,in
14,607412,0,0,0,in
14,608253,0,0,0,in
14,609094,0,0,0,in
14,610006,0,0,0,in
14,610847,0,0,0,in
14,611689,0,0,0,in
14,612600,0,0,0,in
14,613441,0,0,0,in
14,614283,0,0,0,in
14,615194,0,0,0,in
14,616037,0,0,0,in
14,616878,0,0,0,in
14,617788,0,0,0,in
14,618630,0,0,0,in
14,619471,0,0,0,in
14,620383,0,0,0,in
14,621224,0,0,0,in
14,622065,0,0,0,in
14,622977,0,0,0,in
14,623818,0,0,0,in
14,624660,0,0,0,in
14,625571,0,0,0,in
14,626412,0,0,0,in
14,627254,0,0,0,in
14,628165,0,0,0,in
14,629007,0,0,0,in
14,629849,0,0,0,in
14,630759,0,0,0,in
14,631601,0,0,0,in
14,632442,0,0,0,in
14,633354,0,0,0,in
14,634194,0,0,0,in
14,635036,0,0,0,in
14,635948,0,0,0,in
14,636789,0,0,0,in
14,637630,0,0,0,in
14,638542,0,0,0,in
14,639383,0,0,0,in
14,640226,0,0,0,in
14,641137,0,0,0,in
14,641977,0,0,0,in
14,642819,0,0,0,in
14,643730,0,0,0,in
14,644572,0,0,0,in
14,645413,0,0,0,in
14,646324,0,0,0,in
14,647165,0,0,0,in
14,648007,0,0,0,in
14,648919,0,0,0,in
14,649760,0,0,0,in
14,650602,0,0,0,in
14,651512,0,0,0,in
14,652354,0,0,0,in
14,653196,0,0,0,in
14,654106,0,0,0,in
14,654948,0,0,0,in
14,655790,0,0,0,in
14,656701,0,0,0,in
14,657542,0,0,0,in
14,658383,0,0,0,in
14,659295,0,0,0,in
14,660136,0,0,0,in
14,660977,0,0,0,in
14,661889,0,0,0,in
14,662730,0,0,0,in
14,663571,0,0,0,in
14,664483,0,0,0,in
14,665324,0,0,0,in
14,666166,0,0,0,in
14,667076,0,0,0,in
14,667918,0,0,0,in
14,668760,0,0,0,in
14,669672,0,0,0,in
14,,,0,0,in